strategy,Annualized Return,Annualized Vol,Sharpe,Cumulative Return,Avg Turnover,Avg Trades/Day,Trade Rate,Avg Predicted EV
EV Threshold,0.0138357038618242,0.0471211399588531,0.293619888523617,0.03768745324680056,0.5678961727532916,9.694285714285714,0.9771428571428571,0.0008865442546760304
EV Threshold Top-1,-0.03239175468978506,0.08236077949757965,-0.39329101651760057,-0.08483623431228204,0.7442857142857143,0.9771428571428571,0.9771428571428571,0.0021426145628461756
EV Threshold Top-3,-0.01883071283292348,0.0638886858507371,-0.2947425288558541,-0.049893781609702925,0.6342857142857142,2.8485714285714288,0.9771428571428571,0.0016290894340470947
EV Threshold Top-5,0.025898007824507907,0.05682592879658743,0.4557427986300359,0.07126246084605947,0.580047619047619,4.5528571428571425,0.9771428571428571,0.0013539415706850715
Equal-weight,0.006233752171660001,0.03676782291923593,0.16954368457857946,0.016871832671555342,0.0007142857142857143,24.0,1.0,
