strategy,Annualized Return,Annualized Vol,Sharpe,Cumulative Return,Avg Turnover,Avg Trades/Day,Trade Rate,Avg Predicted P(Win)
logreg_returns_momentum Threshold,0.09327020043421186,0.04065768194486488,2.2940363535898043,0.020791670993624667,0.45230817793317785,10.483333333333333,1.0,0.5072425788566618
logreg_returns_momentum Threshold Top-1,0.1360856022218513,0.07553769864470262,1.801558753622352,0.02988128630397746,0.8083333333333333,1.0,1.0,0.5176963008149954
logreg_returns_momentum Threshold Top-3,0.07425377307692149,0.05076548272599489,1.4626823008401972,0.016666497939347602,0.5972222222222222,3.0,1.0,0.5136793760896575
logreg_returns_momentum Top-1,0.1360856022218513,0.07553769864470262,1.801558753622352,0.02988128630397746,0.8083333333333333,1.0,1.0,0.5176963008149954
logreg_returns_momentum Top-3,0.07425377307692149,0.05076548272599489,1.4626823008401972,0.016666497939347602,0.5972222222222222,3.0,1.0,0.5136793760896575
logreg_returns_momentum Top-Decile,0.07425377307692149,0.05076548272599489,1.4626823008401972,0.016666497939347602,0.5972222222222222,3.0,1.0,0.5136793760896575
Equal-weight,0.07069279651873694,0.028281720090823404,2.49959324580384,0.015887792745928442,0.008333333333333333,25.0,1.0,
