strategy,Annualized Return,Annualized Vol,Sharpe,Cumulative Return,Avg Turnover,Avg Trades/Day,Trade Rate,Avg Predicted P(Win)
logreg_returns_momentum Threshold,0.04504008261308812,0.04108852647565378,1.0961717656089651,0.030969665712814898,0.45497699831033156,3.1166666666666667,0.7277777777777777,0.5065170305661963
logreg_returns_momentum Threshold Top-1,0.07957460867034905,0.05667527328103757,1.4040445517705715,0.05443805983851924,0.5305555555555556,0.7277777777777777,0.7277777777777777,0.5116587715759068
logreg_returns_momentum Threshold Top-3,0.04997973430401714,0.041269284868849225,1.2110637357261966,0.034340932648607936,0.45555555555555555,1.7666666666666666,0.7277777777777777,0.5083743094207184
logreg_returns_momentum Top-1,0.04166335418384026,0.07574763862781678,0.5500284225169264,0.028662257829613846,0.7527777777777778,1.0,1.0,0.5065688121158782
logreg_returns_momentum Top-3,0.106441648419078,0.04501119109779697,2.3647818647546894,0.07253642114572889,0.5564814814814815,3.0,1.0,0.5019402101808793
logreg_returns_momentum Top-Decile,0.106441648419078,0.04501119109779697,2.3647818647546894,0.07253642114572889,0.5564814814814815,3.0,1.0,0.5019402101808793
Equal-weight,0.0186947458209048,0.039484432341488754,0.473471307861784,0.012905592283186662,0.002777777777777778,25.0,1.0,
