strategy,Annualized Return,Annualized Vol,Sharpe,Cumulative Return,Avg Turnover,Avg Trades/Day,Trade Rate,Avg Predicted P(Win)
logreg_returns_momentum Threshold,0.056858647695741116,0.04099823733641908,1.386855908686423,0.052372403715787996,0.4548306265493765,4.958333333333333,0.7958333333333333,0.5067449514951382
logreg_returns_momentum Threshold Top-1,0.09358057956336219,0.061957484176266245,1.5103999267809143,0.08608112693164105,0.5979166666666667,0.7958333333333333,0.7958333333333333,0.5135553776195995
logreg_returns_momentum Threshold Top-3,0.05594879263052355,0.04383856227031947,1.2762460658615897,0.05153607493773649,0.49166666666666664,2.075,0.7958333333333333,0.5100408225104376
logreg_returns_momentum Top-1,0.06464993637895677,0.07573921717532683,0.8535860125052552,0.059531808237961226,0.7645833333333333,1.0,1.0,0.5093506842906574
logreg_returns_momentum Top-3,0.09825592924842841,0.04652095594261938,2.112078895576024,0.0903665347859659,0.5673611111111111,3.0,1.0,0.504875001658074
logreg_returns_momentum Top-Decile,0.09825592924842841,0.04652095594261938,2.112078895576024,0.0903665347859659,0.5673611111111111,3.0,1.0,0.504875001658074
Equal-weight,0.03159229956597853,0.037025743438373,0.8532522680756407,0.02912708350866411,0.0020833333333333333,25.0,1.0,
