strategy,Annualized Return,Annualized Vol,Sharpe,Cumulative Return,Avg Turnover,Avg Trades/Day,Trade Rate,Avg Predicted P(Win)
lgbm_deep_returns_momentum Threshold,0.008733113555984495,0.03276439791366969,0.2665427754538697,0.007047765977843845,0.39331226974084116,1.9714285714285715,0.5428571428571428,0.5028544277815044
lgbm_deep_returns_momentum Threshold Top-1,-0.002124038496099545,0.04368319972784623,-0.04862369307497314,-0.0017159202291054942,0.45476190476190476,0.5428571428571428,0.5428571428571428,0.5045097866671999
lgbm_deep_returns_momentum Threshold Top-3,0.004250670557977898,0.03450041073192344,0.12320637545467615,0.0034318330516645013,0.4174603174603175,1.2333333333333334,0.5428571428571428,0.5033539818771033
lgbm_deep_returns_momentum Top-1,-0.028391203375385476,0.10478688813594683,-0.27094232761785736,-0.022994674982261376,0.85,1.0,1.0,0.4979651269548802
lgbm_deep_returns_momentum Top-3,0.05045837413851939,0.0666646022077794,0.7568990508823763,0.04056096675216536,0.7357142857142855,3.0,1.0,0.4958441565698487
lgbm_deep_returns_momentum Top-Decile,0.05045837413851939,0.0666646022077794,0.7568990508823763,0.04056096675216536,0.7357142857142855,3.0,1.0,0.4958441565698487
Equal-weight,0.02999817636735158,0.03721287310605424,0.8061236304398951,0.024160228130847505,0.002380952380952381,25.0,1.0,
