strategy,Annualized Return,Annualized Vol,Sharpe,Cumulative Return,Avg Turnover,Avg Trades/Day,Trade Rate,Avg Predicted P(Win)
lgbm_deep_returns_momentum Threshold,-0.0008901917094785716,0.03578314801959073,-0.024877400640972255,-0.0009244140222529618,0.411472511247623,4.314814814814815,0.6444444444444445,0.5036992297869471
lgbm_deep_returns_momentum Threshold Top-1,-0.004981966102058921,0.05255026675308932,-0.09480382136720632,-0.005173083724091643,0.5462962962962963,0.6444444444444445,0.6444444444444445,0.5070032285159414
lgbm_deep_returns_momentum Threshold Top-3,-0.007199157468730344,0.03973303415785534,-0.18118821331713095,-0.007475010719903419,0.4876543209876544,1.625925925925926,0.6444444444444445,0.5055383312500724
lgbm_deep_returns_momentum Top-1,-0.025413702216792844,0.09908373212280344,-0.256487131361739,-0.026378147895937065,0.8537037037037037,1.0,1.0,0.5010263805268069
lgbm_deep_returns_momentum Top-3,0.02815208726084828,0.06414131114936929,0.4389072620497111,0.029250546327648008,0.7351851851851852,3.0,1.0,0.49892069845626313
lgbm_deep_returns_momentum Top-Decile,0.02815208726084828,0.06414131114936929,0.4389072620497111,0.029250546327648008,0.7351851851851852,3.0,1.0,0.49892069845626313
Equal-weight,0.026461976326650483,0.036750288652626036,0.7200481219828354,0.027493611565050147,0.001851851851851852,25.0,1.0,
