strategy,Annualized Return,Annualized Vol,Sharpe,Cumulative Return,Avg Turnover,Avg Trades/Day,Trade Rate,Avg Predicted P(Win)
lgbm_deep_returns_momentum Threshold,-0.033680166633183184,0.04471591987863083,-0.7532030365158273,-0.007875076084850496,0.4722555787435817,12.516666666666667,1.0,0.505304353597289
lgbm_deep_returns_momentum Threshold Top-1,-0.014386301735253126,0.075809193785057,-0.18976988168536435,-0.0033384429420842965,0.8583333333333333,1.0,1.0,0.5117407680285503
lgbm_deep_returns_momentum Threshold Top-3,-0.0464276868608815,0.05413868952665656,-0.8575694621869568,-0.010910813719925638,0.736111111111111,3.0,1.0,0.5096885950587136
lgbm_deep_returns_momentum Top-1,-0.014386301735253126,0.075809193785057,-0.18976988168536435,-0.0033384429420842965,0.8583333333333333,1.0,1.0,0.5117407680285503
lgbm_deep_returns_momentum Top-3,-0.0464276868608815,0.05413868952665656,-0.8575694621869568,-0.010910813719925638,0.736111111111111,3.0,1.0,0.5096885950587136
lgbm_deep_returns_momentum Top-Decile,-0.0464276868608815,0.05413868952665656,-0.8575694621869568,-0.010910813719925638,0.736111111111111,3.0,1.0,0.5096885950587136
Equal-weight,0.013631998685172952,0.03505721458979544,0.3888500225896725,0.003129483302405145,0.008333333333333333,25.0,1.0,
