strategy,Annualized Return,Annualized Vol,Sharpe,Cumulative Return,Avg Turnover,Avg Trades/Day,Trade Rate,Avg Predicted P(Win)
logreg_corr_regime Threshold,-0.033480475972715085,0.026092426829877405,-1.283149175467953,-0.030945338303956405,0.120768722018722,0.9333333333333333,0.3625,0.5105603146237168
logreg_corr_regime Threshold Top-1,-0.03485674367848679,0.028122758370307376,-1.239449673446304,-0.03221914126249681,0.014583333333333334,0.3625,0.3625,0.5189339690508082
logreg_corr_regime Threshold Top-3,-0.036808371020853325,0.027081186102922077,-1.3591860740871198,-0.034025707273932726,0.10416666666666669,0.6958333333333333,0.3625,0.5118726324532016
logreg_corr_regime Top-1,-0.031988741749741756,0.06098552096878478,-0.5245301055330015,-0.02956482300533081,0.16458333333333333,1.0,1.0,0.4960513464845856
logreg_corr_regime Top-3,-0.03165794558050217,0.04834443924741688,-0.6548415096611903,-0.02925871211512243,0.2590277777777778,3.0,1.0,0.4911675668574364
logreg_corr_regime Top-Decile,-0.03165794558050217,0.04834443924741688,-0.6548415096611903,-0.02925871211512243,0.2590277777777778,3.0,1.0,0.4911675668574364
Equal-weight,0.03159229956597853,0.037025743438373,0.8532522680756407,0.02912708350866411,0.0020833333333333333,25.0,1.0,
