strategy,Annualized Return,Annualized Vol,Sharpe,Cumulative Return
Top-1,0.20411801321147993,0.09919505697395692,2.0577437973050405,0.2932890851815393
Top-3,0.0531043494844019,0.06071908521554787,0.8745907369303364,0.07427199693824149
Top-5,0.08560374628513334,0.05629595334696327,1.5206021249438704,0.12044637779247136
Equal-weight,0.015816304380917634,0.037140590384255844,0.42584956828317616,0.021965893085378996
