strategy,Annualized Return,Annualized Vol,Sharpe,Cumulative Return,Avg Turnover,Avg Trades/Day,Trade Rate,Avg Predicted P(Win)
ensemble Threshold,-0.01618255757660969,0.032720151390017944,-0.4945746547354473,-0.016799706539034065,0.3904176060376798,3.740740740740741,0.662962962962963,0.505404668715077
ensemble Threshold Top-1,0.021215130802134663,0.050080010953486784,0.4236247236814467,0.022040025200815938,0.3388888888888889,0.662962962962963,0.662962962962963,0.5100296018046381
ensemble Threshold Top-3,0.010591733309173845,0.03758073588231591,0.2818394334358396,0.011001340478087096,0.4098765432098765,1.6222222222222222,0.662962962962963,0.5073677694579513
ensemble Top-1,0.0014317736252784652,0.07305893682219103,0.019597515205608304,0.0014868827617255942,0.55,1.0,1.0,0.5039336141976837
ensemble Top-3,0.015483511107155845,0.05531634410284814,0.2799084313736964,0.01608379487364764,0.5709876543209876,3.0,1.0,0.5009363953004112
ensemble Top-Decile,0.015483511107155845,0.05531634410284814,0.2799084313736964,0.01608379487364764,0.5709876543209876,3.0,1.0,0.5009363953004112
Equal-weight,0.026461976326650483,0.036750288652626036,0.7200481219828354,0.027493611565050147,0.001851851851851852,25.0,1.0,
