strategy,Annualized Return,Annualized Vol,Sharpe,Cumulative Return,Avg Turnover,Avg Trades/Day,Trade Rate,Avg Predicted P(Win)
ensemble Threshold,-0.05041829080810101,0.043263125710386804,-1.165387150840938,-0.01186756388707444,0.48037584629117813,9.566666666666666,1.0,0.5038285039451174
ensemble Threshold Top-1,0.14619063745326444,0.07159258414620961,2.0419801742972052,0.03198802827616354,0.425,1.0,1.0,0.5087857707947191
ensemble Threshold Top-3,0.07140775539235289,0.053892639713976356,1.325000144200289,0.016044297781118155,0.6027777777777777,2.6666666666666665,1.0,0.5066480564005699
ensemble Top-1,0.14619063745326444,0.07159258414620961,2.0419801742972052,0.03198802827616354,0.425,1.0,1.0,0.5087857707947191
ensemble Top-3,0.020510128768357783,0.05453949141991137,0.3760601398066926,0.004696214779396302,0.5916666666666667,3.0,1.0,0.5062432968002711
ensemble Top-Decile,0.020510128768357783,0.05453949141991137,0.3760601398066926,0.004696214779396302,0.5916666666666667,3.0,1.0,0.5062432968002711
Equal-weight,0.013631998685172952,0.03505721458979544,0.3888500225896725,0.003129483302405145,0.008333333333333333,25.0,1.0,
