strategy,Annualized Return,Annualized Vol,Sharpe,Cumulative Return,Avg Turnover,Avg Trades/Day,Trade Rate,Avg Predicted P(Win)
lgbm_deep_volatility Threshold,-0.008820412476824191,0.03990196000127101,-0.22105211063675145,-0.00915810100731751,0.3491841358834823,3.5444444444444443,0.562962962962963,0.5066967711807832
lgbm_deep_volatility Threshold Top-1,-0.017892758387150653,0.05763771257160869,-0.31043491472568097,-0.01857451086666284,0.46111111111111114,0.562962962962963,0.562962962962963,0.5126856520627419
lgbm_deep_volatility Threshold Top-3,-0.037951006237763374,0.04619917693800659,-0.8214649860253742,-0.03938154083028522,0.4024691358024691,1.3444444444444446,0.562962962962963,0.5100152198522029
lgbm_deep_volatility Top-1,0.061583712475301366,0.08468175903503525,0.7272370481796727,0.06402660427140505,0.7574074074074074,1.0,1.0,0.5049629841414771
lgbm_deep_volatility Top-3,0.004915862123661796,0.06418207975285237,0.07659244048481191,0.005105415584295558,0.6314814814814815,3.0,1.0,0.5019682575801715
lgbm_deep_volatility Top-Decile,0.004915862123661796,0.06418207975285237,0.07659244048481191,0.005105415584295558,0.6314814814814815,3.0,1.0,0.5019682575801715
Equal-weight,0.026461976326650483,0.036750288652626036,0.7200481219828354,0.027493611565050147,0.001851851851851852,25.0,1.0,
