strategy,Annualized Return,Annualized Vol,Sharpe,Cumulative Return,Avg Turnover,Avg Trades/Day,Trade Rate,Avg Predicted P(Win)
lgbm_deep_volatility Threshold,-0.015561999172507779,0.040318976533597436,-0.3859720784216858,-0.012588232385049247,0.32952380952380955,0.9666666666666667,0.4380952380952381,0.5055063378059641
lgbm_deep_volatility Threshold Top-1,0.0610016699497784,0.0460447193712579,1.324835307560957,0.048988361821231674,0.3619047619047619,0.4380952380952381,0.4380952380952381,0.5077816792755769
lgbm_deep_volatility Threshold Top-3,-0.008915853631843773,0.041118281955584944,-0.2168342938422009,-0.007207461978215979,0.3277777777777778,0.8761904761904762,0.4380952380952381,0.5057557730843262
lgbm_deep_volatility Top-1,0.17282864682123344,0.08365639134890625,2.065934760446645,0.1374183377431475,0.7404761904761905,1.0,1.0,0.5006081004667389
lgbm_deep_volatility Top-3,0.05228046695306432,0.06487173932941664,0.8059051212976696,0.04201854787541537,0.623015873015873,3.0,1.0,0.497819533123171
lgbm_deep_volatility Top-Decile,0.05228046695306432,0.06487173932941664,0.8059051212976696,0.04201854787541537,0.623015873015873,3.0,1.0,0.497819533123171
Equal-weight,0.02999817636735158,0.03721287310605424,0.8061236304398951,0.024160228130847505,0.002380952380952381,25.0,1.0,
