strategy,Annualized Return,Annualized Vol,Sharpe,Cumulative Return,Avg Turnover,Avg Trades/Day,Trade Rate,Avg Predicted P(Win)
rf Threshold,0.007008659617081969,0.04370526570091498,0.16036190387318117,0.0016130410427674935,0.4193325193325193,2.2666666666666666,0.5333333333333333,0.5008088414159886
rf Threshold Top-1,0.012694199784740956,0.044569466952117436,0.2848182994510297,0.002915234254175836,0.4083333333333333,0.5333333333333333,0.5333333333333333,0.5012901470607717
rf Threshold Top-3,0.03540741517877333,0.047363591111638556,0.7475661018886032,0.00806193620709017,0.4194444444444444,1.1,0.5333333333333333,0.5010277167865856
rf Top-1,-0.013882089574168033,0.06998594172997896,-0.19835540154232922,-0.0032208051780366898,0.825,1.0,1.0,0.5000777189632795
rf Top-3,-0.032180627170895315,0.05682399958343048,-0.5663210510841793,-0.007519999347819439,0.6638888888888889,3.0,1.0,0.49937837703995286
rf Top-Decile,-0.032180627170895315,0.05682399958343048,-0.5663210510841793,-0.007519999347819439,0.6638888888888889,3.0,1.0,0.49937837703995286
Equal-weight,0.07069279651873694,0.028281720090823404,2.49959324580384,0.015887792745928442,0.008333333333333333,25.0,1.0,
