strategy,Annualized Return,Annualized Vol,Sharpe,Cumulative Return,Avg Turnover,Avg Trades/Day,Trade Rate,Avg Predicted P(Win)
rf Threshold,-0.003765719911951737,0.03350297201246388,-0.11239957788075643,-0.0026085497114460843,0.39076109054630725,3.8,0.6,0.5050744497918418
rf Threshold Top-1,0.04038300559376373,0.04407716209704106,0.9161888758821585,0.027786760219312034,0.4361111111111111,0.6,0.6,0.509273962352258
rf Threshold Top-3,-0.007777598514848716,0.03495596918374659,-0.22249700684783333,-0.00539095605326545,0.4046296296296297,1.45,0.6,0.5069888454945759
rf Top-1,0.03506047503592025,0.0756668269822679,0.4633533139183499,0.024143673256658227,0.7194444444444444,1.0,1.0,0.5021809223736611
rf Top-3,0.011673255039033714,0.045239479590621995,0.25803247837213283,0.008067044193986517,0.5731481481481482,3.0,1.0,0.4986721267561164
rf Top-Decile,0.011673255039033714,0.045239479590621995,0.25803247837213283,0.008067044193986517,0.5731481481481482,3.0,1.0,0.4986721267561164
Equal-weight,0.0186947458209048,0.039484432341488754,0.473471307861784,0.012905592283186662,0.002777777777777778,25.0,1.0,
