strategy,Annualized Return,Annualized Vol,Sharpe,Cumulative Return,Avg Turnover,Avg Trades/Day,Trade Rate,Avg Predicted P(Win)
ensemble Threshold,-0.010048167252342588,0.032021935723046555,-0.3137901262199714,-0.009278828887262947,0.3915564007751508,2.1458333333333335,0.6208333333333333,0.505414951820639
ensemble Threshold Top-1,-0.018949711022167692,0.044538620115367716,-0.4254669536928298,-0.01750487734255357,0.29375,0.6208333333333333,0.6208333333333333,0.5093030410130418
ensemble Threshold Top-3,-0.01046437764432917,0.034501599356334345,-0.30330123355304556,-0.009663327889139373,0.37638888888888894,1.45,0.6208333333333333,0.50666065344938
ensemble Top-1,-0.04030460358869925,0.07183641055038592,-0.5610609338620793,-0.037262774982347646,0.53125,1.0,1.0,0.5027205425886985
ensemble Top-3,-0.0050741622667693775,0.05518073598985833,-0.09195532056154448,-0.0046847578608602,0.5576388888888888,3.0,1.0,0.49969347234206424
ensemble Top-Decile,-0.0050741622667693775,0.05518073598985833,-0.09195532056154448,-0.0046847578608602,0.5576388888888888,3.0,1.0,0.49969347234206424
Equal-weight,0.03159229956597853,0.037025743438373,0.8532522680756407,0.02912708350866411,0.0020833333333333333,25.0,1.0,
