strategy,Annualized Return,Annualized Vol,Sharpe,Cumulative Return
Top-1,0.23683851438166048,0.09648699839780897,2.454615837516183,0.4446827951549963
Top-3,0.03375186862080204,0.06646834285433129,0.5077886279603955,0.05913495539853253
Top-5,-0.007172356591546913,0.06002871322529233,-0.11948209791918266,-0.012381140932596124
Equal-weight,0.00240686822436853,0.03900880132570119,0.06170064556130696,0.004169396156438632
