strategy,Annualized Return,Annualized Vol,Sharpe,Cumulative Return
Top-1,0.12431975616493807,0.0829212168947017,1.4992514680869518,0.12939833623057573
Top-3,0.058322459753686884,0.06007813161350805,0.9707768565255046,0.06063232612798508
Top-5,0.09431431377745403,0.056130306236779504,1.6802743491118595,0.09811429341448785
Equal-weight,0.02633845990385053,0.036749783479696194,0.7166970090695148,0.027365215894227024
