strategy,Annualized Return,Annualized Vol,Sharpe,Cumulative Return
Top-1,0.19833008500850924,0.09217073791481833,2.151768440779984,0.37727256224750616
Top-3,0.07368424248004879,0.068852075542958,1.0701818630591016,0.13403848811177976
Top-5,0.026312732290065588,0.05805157539746887,0.4532647410497814,0.04702348208575846
Equal-weight,0.0014890847593498346,0.039095910047974136,0.03808799328427439,0.002636043265050736
