strategy,Annualized Return,Annualized Vol,Sharpe,Cumulative Return,Avg Turnover,Avg Trades/Day,Trade Rate,Avg Predicted P(Win)
rf_returns_momentum Threshold,0.056616310561402594,0.04143818672195681,1.3662834945285713,0.01278994108357634,0.541487863987864,8.25,1.0,0.5046319437900303
rf_returns_momentum Threshold Top-1,-0.016965653915421153,0.08900505635968285,-0.1906144955052934,-0.003940956900110204,0.7916666666666666,1.0,1.0,0.510388511756964
rf_returns_momentum Threshold Top-3,0.02016009533426888,0.04854184878578227,0.4153137105106243,0.004616679066387519,0.7416666666666666,3.0,1.0,0.5079419446974275
rf_returns_momentum Top-1,-0.016965653915421153,0.08900505635968285,-0.1906144955052934,-0.003940956900110204,0.7916666666666666,1.0,1.0,0.510388511756964
rf_returns_momentum Top-3,0.02016009533426888,0.04854184878578227,0.4153137105106243,0.004616679066387519,0.7416666666666666,3.0,1.0,0.5079419446974275
rf_returns_momentum Top-Decile,0.02016009533426888,0.04854184878578227,0.4153137105106243,0.004616679066387519,0.7416666666666666,3.0,1.0,0.5079419446974275
Equal-weight,0.07069279651873694,0.028281720090823404,2.49959324580384,0.015887792745928442,0.008333333333333333,25.0,1.0,
