strategy,Annualized Return,Annualized Vol,Sharpe,Cumulative Return,Avg Turnover,Avg Trades/Day,Trade Rate,Avg Predicted P(Win)
lgbm_deep_volatility Threshold,-0.010572366268344124,0.04019956180970283,-0.2629970525149433,-0.009763090809179698,0.3565092893217893,1.9458333333333333,0.5083333333333333,0.5061314378594436
lgbm_deep_volatility Threshold Top-1,0.0174932845590392,0.0559632423024487,0.3125852584540795,0.016136850458901453,0.41041666666666665,0.5083333333333333,0.5083333333333333,0.5103380368343293
lgbm_deep_volatility Threshold Top-3,-0.01815635119101444,0.04574915871952776,-0.39686743317674406,-0.016771489459441735,0.3722222222222223,1.1375,0.5083333333333333,0.5078360509142582
lgbm_deep_volatility Top-1,0.11058371663495792,0.08622116441420623,1.2825588402368826,0.10165942747583645,0.74375,1.0,1.0,0.502804279576876
lgbm_deep_volatility Top-3,0.031196453849921424,0.06570508807076583,0.4747950998303534,0.028762555276485413,0.629861111111111,3.0,1.0,0.4998546430860457
lgbm_deep_volatility Top-Decile,0.031196453849921424,0.06570508807076583,0.4747950998303534,0.028762555276485413,0.629861111111111,3.0,1.0,0.4998546430860457
Equal-weight,0.03159229956597853,0.037025743438373,0.8532522680756407,0.02912708350866411,0.0020833333333333333,25.0,1.0,
