strategy,Annualized Return,Annualized Vol,Sharpe,Cumulative Return,Avg Turnover,Avg Trades/Day,Trade Rate,Avg Predicted P(Win)
lgbm_deep_volatility Threshold,0.012457607969106776,0.027789015532836372,0.44829252603016745,0.0028611585040085874,0.2727038239538239,4.4,0.5,0.508048411356781
lgbm_deep_volatility Threshold Top-1,-0.12879578046191864,0.07066315735812986,-1.822672312944711,-0.03131732682457411,0.375,0.5,0.5,0.5181775333478369
lgbm_deep_volatility Threshold Top-3,-0.041079752479669884,0.049515414951592666,-0.8296356300321897,-0.009633460279912076,0.34166666666666673,1.4833333333333334,0.5,0.5142155695927165
lgbm_deep_volatility Top-1,-0.10465987931601539,0.07689348058942101,-1.3611021183298402,-0.025189231051778616,0.7583333333333333,1.0,1.0,0.5080115169261533
lgbm_deep_volatility Top-3,0.02302318082910637,0.05521877788941465,0.416944773301835,0.005266623165720352,0.6638888888888886,3.0,1.0,0.5059561114200796
lgbm_deep_volatility Top-Decile,0.02302318082910637,0.05521877788941465,0.416944773301835,0.005266623165720352,0.6638888888888886,3.0,1.0,0.5059561114200796
Equal-weight,0.07069279651873694,0.028281720090823404,2.49959324580384,0.015887792745928442,0.008333333333333333,25.0,1.0,
