strategy,Annualized Return,Annualized Vol,Sharpe,Cumulative Return,Avg Turnover,Avg Trades/Day,Trade Rate,Avg Predicted P(Win)
logreg_returns_momentum Threshold,0.050007895673028546,0.039164240021591,1.2768764476333385,0.04020053206832541,0.453768784125927,4.152380952380953,0.7666666666666667,0.506408753352549
logreg_returns_momentum Threshold Top-1,0.07452844604406073,0.05667391134993913,1.3150397470165216,0.05977695500163627,0.5642857142857143,0.7666666666666667,0.7666666666666667,0.5123079298461759
logreg_returns_momentum Threshold Top-3,0.03572495895936756,0.04114831920964676,0.8681997137562849,0.028757036117310397,0.47301587301587306,1.9428571428571428,0.7666666666666667,0.508995305081029
logreg_returns_momentum Top-1,0.04210274049897822,0.07332286190137158,0.5742102723105881,0.03387064337826229,0.7547619047619047,1.0,1.0,0.5077936371888028
logreg_returns_momentum Top-3,0.08328413628329456,0.04445172112661932,1.873586312801305,0.06674632601105235,0.5595238095238095,3.0,1.0,0.5033354638880467
logreg_returns_momentum Top-Decile,0.08328413628329456,0.04445172112661932,1.873586312801305,0.06674632601105235,0.5595238095238095,3.0,1.0,0.5033354638880467
Equal-weight,0.02999817636735158,0.03721287310605424,0.8061236304398951,0.024160228130847505,0.002380952380952381,25.0,1.0,
