strategy,Annualized Return,Annualized Vol,Sharpe,Cumulative Return,Avg Turnover,Avg Trades/Day,Trade Rate,Avg Predicted P(Win)
logreg_returns_momentum Threshold,0.05017094517893006,0.04103247264369829,1.2227131816935541,0.05215007590443399,0.4425520775257917,6.2481481481481485,0.8185185185185185,0.5066895911755975
logreg_returns_momentum Threshold Top-1,0.09011665204270614,0.06668999313490705,1.351276972849725,0.09374036932038976,0.6166666666666667,0.8185185185185185,0.8185185185185185,0.5139453103393318
logreg_returns_momentum Threshold Top-3,0.04942323299620033,0.047964669320798806,1.0304091260516426,0.051372152894674006,0.5061728395061729,2.1777777777777776,0.8185185185185185,0.5105269885600867
logreg_returns_momentum Top-1,0.06444393066147458,0.07832078542050826,0.8228202809186841,0.06700381998427618,0.7648148148148148,1.0,1.0,0.5101370395903947
logreg_returns_momentum Top-3,0.08671519644884751,0.05018235203575513,1.7280018359255578,0.09019655953325811,0.5734567901234567,3.0,1.0,0.5058469176674938
logreg_returns_momentum Top-Decile,0.08671519644884751,0.05018235203575513,1.7280018359255578,0.09019655953325811,0.5734567901234567,3.0,1.0,0.5058469176674938
Equal-weight,0.026461976326650483,0.036750288652626036,0.7200481219828354,0.027493611565050147,0.001851851851851852,25.0,1.0,
