strategy,Annualized Return,Annualized Vol,Sharpe,Cumulative Return
Top-1,0.20659278236628076,0.10068042034232422,2.0519658307329585,0.26003447706309957
Top-3,0.028693162727039034,0.06881300932473326,0.4169729388179211,0.03543073037331079
Top-5,-0.01578897859373074,0.06371120807934216,-0.24782105173815072,-0.019397042311451673
Equal-weight,-0.0158706354345588,0.04079232826555783,-0.3890593184885416,-0.01949717364986525
