strategy,Annualized Return,Annualized Vol,Sharpe,Cumulative Return,Avg Turnover,Avg Trades/Day,Trade Rate,Avg Predicted P(Win)
ensemble_brier Threshold,-0.07663306849789708,0.047125826172111196,-1.6261374011358576,-0.018230676844364746,0.46676613580503745,10.55,1.0,0.5035564366650932
ensemble_brier Threshold Top-1,0.10560938258153474,0.07946089352315017,1.3290736851677418,0.023438933645940185,0.725,1.0,1.0,0.5082641352567603
ensemble_brier Threshold Top-3,0.047481946102359895,0.05627191690485266,0.843794715268803,0.010762691081538156,0.5749999999999998,2.9,1.0,0.5063440600487722
ensemble_brier Top-1,0.10560938258153474,0.07946089352315017,1.3290736851677418,0.023438933645940185,0.725,1.0,1.0,0.5082641352567603
ensemble_brier Top-3,0.05870918827144345,0.055987598550288384,1.0486105814792273,0.01325252787642417,0.5416666666666666,3.0,1.0,0.506252733731391
ensemble_brier Top-Decile,0.05870918827144345,0.055987598550288384,1.0486105814792273,0.01325252787642417,0.5416666666666666,3.0,1.0,0.506252733731391
Equal-weight,0.013631998685172952,0.03505721458979544,0.3888500225896725,0.003129483302405145,0.008333333333333333,25.0,1.0,
