strategy,Annualized Return,Annualized Vol,Sharpe,Cumulative Return,Avg Turnover,Avg Trades/Day,Trade Rate,Avg Predicted P(Win)
ensemble_brier Threshold,-0.010354521170715336,0.029660017508900557,-0.3491070484907195,-0.01075062369261326,0.27122139878559914,2.9407407407407407,0.45925925925925926,0.5024294180285611
ensemble_brier Threshold Top-1,0.023060885860672897,0.04668397781083743,0.4939785969849261,0.023958385741871258,0.3314814814814815,0.45925925925925926,0.45925925925925926,0.505040725508709
ensemble_brier Threshold Top-3,0.022144286153956028,0.03306686425129308,0.6696820716252245,0.02300571358756187,0.29135802469135796,1.1185185185185185,0.45925925925925926,0.5038682664166667
ensemble_brier Top-1,0.06164642317366509,0.09393949785267328,0.6562353917448664,0.06409187685258155,0.7388888888888889,1.0,1.0,0.4973506473204989
ensemble_brier Top-3,0.046323199669954906,0.06970383957235642,0.6645717072998379,0.0481470923038001,0.5685185185185185,3.0,1.0,0.4956637768459988
ensemble_brier Top-Decile,0.046323199669954906,0.06970383957235642,0.6645717072998379,0.0481470923038001,0.5685185185185185,3.0,1.0,0.4956637768459988
Equal-weight,0.026461976326650483,0.036750288652626036,0.7200481219828354,0.027493611565050147,0.001851851851851852,25.0,1.0,
