strategy,Annualized Return,Annualized Vol,Sharpe,Cumulative Return,Avg Turnover,Avg Trades/Day,Trade Rate,Avg Predicted P(Win)
logreg_volatility Threshold,0.050482430046630666,0.03812069100167917,1.3242789865589524,0.034683743985695514,0.16972222222222222,1.0666666666666667,0.42777777777777776,0.504732284188736
logreg_volatility Threshold Top-1,0.019218985340305528,0.05011993469200326,0.3834599038967215,0.013266436242142632,0.21388888888888888,0.42777777777777776,0.42777777777777776,0.5080399336550071
logreg_volatility Threshold Top-3,0.059859923963927475,0.03806508580482104,1.5725676876405743,0.04106946940613154,0.17314814814814816,0.9611111111111111,0.42777777777777776,0.5050442977276861
logreg_volatility Top-1,0.12595965360055028,0.08934133755902719,1.4098697987068933,0.08559954013461946,0.5527777777777778,1.0,1.0,0.49646990207332337
logreg_volatility Top-3,0.08380334963304703,0.06748649052251621,1.2417796359567232,0.057295764237932145,0.3842592592592592,3.0,1.0,0.4936490241411022
logreg_volatility Top-Decile,0.08380334963304703,0.06748649052251621,1.2417796359567232,0.057295764237932145,0.3842592592592592,3.0,1.0,0.4936490241411022
Equal-weight,0.0186947458209048,0.039484432341488754,0.473471307861784,0.012905592283186662,0.002777777777777778,25.0,1.0,
