strategy,Annualized Return,Annualized Vol,Sharpe,Cumulative Return,Avg Turnover,Avg Trades/Day,Trade Rate,Avg Predicted P(Win)
logreg Threshold,-0.05919295326703877,0.04352628929077123,-1.3599356671920413,-0.013982222882780726,0.38575361975685035,12.166666666666666,1.0,0.5077563639785919
logreg Threshold Top-1,0.11368931749849454,0.05670443165687778,2.0049458953479338,0.02516012355576036,0.075,1.0,1.0,0.5229792589817318
logreg Threshold Top-3,-0.019286365919420456,0.04915162609168784,-0.3923851040745532,-0.00448409497149016,0.42499999999999993,2.966666666666667,1.0,0.515560789598718
logreg Top-1,0.11368931749849454,0.05670443165687778,2.0049458953479338,0.02516012355576036,0.075,1.0,1.0,0.5229792589817318
logreg Top-3,0.000927753247800478,0.04789941767169361,0.019368779264904053,0.00021402054930397263,0.4138888888888888,3.0,1.0,0.5154102294634902
logreg Top-Decile,0.000927753247800478,0.04789941767169361,0.019368779264904053,0.00021402054930397263,0.4138888888888888,3.0,1.0,0.5154102294634902
Equal-weight,0.013631998685172952,0.03505721458979544,0.3888500225896725,0.003129483302405145,0.008333333333333333,25.0,1.0,
