strategy,Annualized Return,Annualized Vol,Sharpe,Cumulative Return
Top-1,0.0806748040651426,0.10521751182910631,0.7667431272863985,0.14713432949013927
Top-3,0.04737011263212332,0.07018859309756234,0.6748975943466872,0.0853301092760903
Top-5,0.08374499373218347,0.061169619954820814,1.3690618610028404,0.152906552832077
Equal-weight,0.0014890847593498346,0.039095910047974136,0.03808799328427439,0.002636043265050736
