strategy,Annualized Return,Annualized Vol,Sharpe,Cumulative Return
Top-1,0.20838335865122803,0.08467396943689914,2.461008501633076,0.20838335865122803
Top-3,0.13971424855137937,0.06614506513009129,2.112239942263196,0.13971424855137937
Top-5,0.14568694501111001,0.05670664708214998,2.5691334703682225,0.14568694501111001
Equal-weight,0.031565073607400906,0.03716082082892696,0.8494180941996261,0.031565073607400906
