strategy,Annualized Return,Annualized Vol,Sharpe,Cumulative Return,Avg Turnover,Avg Trades/Day,Trade Rate,Avg Predicted P(Win)
rf Threshold,-0.006925467715435452,0.03713774725248579,-0.18648055490150658,-0.0071908719019411205,0.4140855239913548,4.466666666666667,0.6296296296296297,0.5056607995777269
rf Threshold Top-1,0.03588466953897251,0.05230870103487244,0.6860172175762771,0.03729027455206246,0.4537037037037037,0.6296296296296297,0.6296296296296297,0.5113594518553942
rf Threshold Top-3,-0.0011203549374030342,0.04160729962915404,-0.0269268841618841,-0.001163420436144591,0.43024691358024686,1.5444444444444445,0.6296296296296297,0.5087522999532632
rf Top-1,0.026265759418162116,0.07685221233502301,0.3417697242554501,0.027289643811587938,0.7351851851851852,1.0,1.0,0.5047609753351268
rf Top-3,-0.0030944529593708303,0.0499975587475806,-0.06189208107126975,-0.003213278961453625,0.595679012345679,3.0,1.0,0.5015699784443257
rf Top-Decile,-0.0030944529593708303,0.0499975587475806,-0.06189208107126975,-0.003213278961453625,0.595679012345679,3.0,1.0,0.5015699784443257
Equal-weight,0.026461976326650483,0.036750288652626036,0.7200481219828354,0.027493611565050147,0.001851851851851852,25.0,1.0,
