strategy,Annualized Return,Annualized Vol,Sharpe,Cumulative Return,Avg Turnover,Avg Trades/Day,Trade Rate,Avg Predicted P(Win)
rf Threshold,-0.059968339523673087,0.04623160323910454,-1.2971287024921834,-0.014169816430403048,0.4467690669896552,6.833333333333333,0.7,0.5095302632640535
rf Threshold Top-1,-0.003211508851170053,0.07635790841650501,-0.04205862781956289,-0.0007420345899100678,0.49166666666666664,0.7,0.7,0.5214964004480221
rf Threshold Top-3,-0.04049167597421355,0.05660811768301325,-0.7152980461380742,-0.009493332968864898,0.47777777777777786,1.8166666666666667,0.7,0.5169786167506212
rf Top-1,-0.07544566546064568,0.09202967869132234,-0.8197971190761052,-0.01793947339968227,0.7583333333333333,1.0,1.0,0.5146226418940414
rf Top-3,-0.06847183732631235,0.0652501521727446,-1.0493743699637448,-0.016234966436574072,0.6138888888888888,3.0,1.0,0.5110989512442734
rf Top-Decile,-0.06847183732631235,0.0652501521727446,-1.0493743699637448,-0.016234966436574072,0.6138888888888888,3.0,1.0,0.5110989512442734
Equal-weight,0.013631998685172952,0.03505721458979544,0.3888500225896725,0.003129483302405145,0.008333333333333333,25.0,1.0,
