strategy,Annualized Return,Annualized Vol,Sharpe,Cumulative Return
Top-1,0.19995278129231653,0.08130488394524446,2.4592960667280037,0.1915695086814304
Top-3,0.08075667547282528,0.06427993556821139,1.2563278845718413,0.07753329581862478
Top-5,0.10936940067113232,0.05684854500824784,1.9238733490059337,0.10494963654193157
Equal-weight,0.034490984044872164,0.03690861189153084,0.9344969175821691,0.033142668287839294
