strategy,Annualized Return,Annualized Vol,Sharpe,Cumulative Return
Top-1,0.16493338732547436,0.07933097776964752,2.079054008440304,0.1114777066634085
Top-3,0.06115142040908017,0.05730099222122397,1.0671965360214133,0.0419475658746169
Top-5,0.07328467127242644,0.0479729888678338,1.5276236274193098,0.050181056497518695
Equal-weight,-0.013142101842369858,0.037597496597718896,-0.3495472579726814,-0.00911688004965272
