strategy,Annualized Return,Annualized Vol,Sharpe,Cumulative Return
Top-1,0.11780657534361816,0.08781774689661029,1.341489385765207,0.1717352024817036
Top-3,0.05305172080530962,0.06244628851339068,0.8495576289363213,0.07633547157151077
Top-5,0.05965100918252575,0.05614097432374788,1.062521801608511,0.08594712480567823
Equal-weight,0.012478841385891837,0.0368362634727823,0.33876512461998876,0.01780511695162934
