strategy,Annualized Return,Annualized Vol,Sharpe,Cumulative Return
Top-1,0.25771377678854845,0.08566408716306852,3.008422611192593,0.3736703281723144
Top-3,0.10544960653026614,0.06852240941431158,1.5389068690314027,0.14890653370210116
Top-5,0.10084640464244021,0.05914287440354553,1.7051319480068188,0.14228762013100704
Equal-weight,0.015816304380917634,0.037140590384255844,0.42584956828317616,0.021965893085378996
