strategy,Annualized Return,Annualized Vol,Sharpe,Cumulative Return,Avg Turnover,Avg Trades/Day,Trade Rate,Avg Predicted P(Win)
rf_returns_momentum Threshold,-0.014082783664558951,0.044040294308080145,-0.3197704258296739,-0.003267623581797774,0.4340203453380697,12.566666666666666,1.0,0.5052669964094735
rf_returns_momentum Threshold Top-1,-0.020445769055395413,0.10081896890274362,-0.20279684743769497,-0.004755811418413081,0.7583333333333333,1.0,1.0,0.5126059931475547
rf_returns_momentum Threshold Top-3,0.07148569497880497,0.06277670160569135,1.1387297062501938,0.016061353958577884,0.7194444444444446,3.0,1.0,0.510382781859839
rf_returns_momentum Top-1,-0.020445769055395413,0.10081896890274362,-0.20279684743769497,-0.004755811418413081,0.7583333333333333,1.0,1.0,0.5126059931475547
rf_returns_momentum Top-3,0.07148569497880497,0.06277670160569135,1.1387297062501938,0.016061353958577884,0.7194444444444446,3.0,1.0,0.510382781859839
rf_returns_momentum Top-Decile,0.07148569497880497,0.06277670160569135,1.1387297062501938,0.016061353958577884,0.7194444444444446,3.0,1.0,0.510382781859839
Equal-weight,0.013631998685172952,0.03505721458979544,0.3888500225896725,0.003129483302405145,0.008333333333333333,25.0,1.0,
