strategy,Annualized Return,Annualized Vol,Sharpe,Cumulative Return,Avg Turnover,Avg Trades/Day,Trade Rate,Avg Predicted P(Win)
rf_returns_momentum Threshold,0.008690653167401585,0.02952412481020849,0.29435768962731923,0.007013528208510422,0.38513487174201455,3.461904761904762,0.5904761904761905,0.5059994057381519
rf_returns_momentum Threshold Top-1,0.021092130281365362,0.04597372767228148,0.4587866015938109,0.0170016872724581,0.4595238095238095,0.5904761904761905,0.5904761904761905,0.5115218607140909
rf_returns_momentum Threshold Top-3,0.002792258471520981,0.03263843414973332,0.0855512387239875,0.002254680845958257,0.4198412698412698,1.5714285714285714,0.5904761904761905,0.5085271117623791
rf_returns_momentum Top-1,0.08648599736956175,0.08428293155439329,1.026138931982292,0.06929224104234444,0.8214285714285714,1.0,1.0,0.5015328550117063
rf_returns_momentum Top-3,0.03357716976430103,0.06695583987782591,0.5014823176823586,0.0270336101376365,0.7039682539682539,3.0,1.0,0.49839239388571743
rf_returns_momentum Top-Decile,0.03357716976430103,0.06695583987782591,0.5014823176823586,0.0270336101376365,0.7039682539682539,3.0,1.0,0.49839239388571743
Equal-weight,0.02999817636735158,0.03721287310605424,0.8061236304398951,0.024160228130847505,0.002380952380952381,25.0,1.0,
