strategy,Annualized Return,Annualized Vol,Sharpe,Cumulative Return
Top-1,0.28067742111514016,0.08258365498762331,3.398704273348096,0.25653663854376196
Top-3,0.1610072624443848,0.06066277603655905,2.654136077573372,0.14775087780530982
Top-5,0.14061170966218528,0.05185377091879707,2.7116968963044754,0.12912652142500547
Equal-weight,0.07551824381377625,0.034091891104145504,2.2151380098886153,0.06951195774767527
