strategy,Annualized Return,Annualized Vol,Sharpe,Cumulative Return,Avg Turnover,Avg Trades/Day,Trade Rate,Avg Predicted P(Win)
logreg Threshold,0.042122653279019984,0.04198565633505872,1.003262946346914,0.03882038785934738,0.30143413299663296,2.475,0.6625,0.5048907562864952
logreg Threshold Top-1,-0.006906870643171081,0.046742680322676866,-0.14776368397129044,-0.006377270779507227,0.19791666666666666,0.6625,0.6625,0.5107158512756992
logreg Threshold Top-3,0.03331523882915355,0.041559208802656566,0.801633134724739,0.030713586501211365,0.2819444444444444,1.4291666666666667,0.6625,0.5068331335805446
logreg Top-1,-0.05082288759730902,0.06599687579335853,-0.7700802043484531,-0.04700685625520218,0.36875,1.0,1.0,0.5051418869900913
logreg Top-3,-0.02913752942217085,0.05184863999722343,-0.5619728776633525,-0.026926642991030758,0.3506944444444444,3.0,1.0,0.5002947279629761
logreg Top-Decile,-0.02913752942217085,0.05184863999722343,-0.5619728776633525,-0.026926642991030758,0.3506944444444444,3.0,1.0,0.5002947279629761
Equal-weight,0.03159229956597853,0.037025743438373,0.8532522680756407,0.02912708350866411,0.0020833333333333333,25.0,1.0,
