strategy,Annualized Return,Annualized Vol,Sharpe,Cumulative Return,Avg Turnover,Avg Trades/Day,Trade Rate,Avg Predicted P(Win)
lgbm_deep Threshold,0.018526362621967385,0.03389539356885407,0.5465746424903872,0.017089152531490903,0.39518611018611016,3.6375,0.5916666666666667,0.5091140283487038
lgbm_deep Threshold Top-1,-0.016234015183683503,0.053232977518843164,-0.3049616222939448,-0.014994656340520551,0.45625,0.5916666666666667,0.5916666666666667,0.5182914755092091
lgbm_deep Threshold Top-3,0.015634011183521368,0.04115528526296053,0.3798785765577446,0.014422765533215864,0.4215277777777778,1.5916666666666666,0.5916666666666667,0.5138711299373578
lgbm_deep Top-1,0.04915920311439792,0.08277469203581246,0.5938917065753527,0.04529340507756685,0.7979166666666667,1.0,1.0,0.5077269801746102
lgbm_deep Top-3,0.1070473382631063,0.05993620798757116,1.78602120249757,0.09842091242704076,0.6729166666666667,3.0,1.0,0.5044389108036416
lgbm_deep Top-Decile,0.1070473382631063,0.05993620798757116,1.78602120249757,0.09842091242704076,0.6729166666666667,3.0,1.0,0.5044389108036416
Equal-weight,0.03159229956597853,0.037025743438373,0.8532522680756407,0.02912708350866411,0.0020833333333333333,25.0,1.0,
