strategy,Annualized Return,Annualized Vol,Sharpe,Cumulative Return,Avg Turnover,Avg Trades/Day,Trade Rate,Avg Predicted P(Win)
lgbm_deep Threshold,0.011917969068043544,0.031847501899356916,0.3742199028892812,0.00823585141179728,0.41605212688546017,3.811111111111111,0.6222222222222222,0.5110218660810795
lgbm_deep Threshold Top-1,-0.03720870569249857,0.04657256855763587,-0.7989403815349145,-0.02590977773235248,0.49166666666666664,0.6222222222222222,0.6222222222222222,0.5221895404953708
lgbm_deep Threshold Top-3,0.0016700606793706996,0.03633091764517489,0.04596802909525464,0.001155899006806127,0.44722222222222224,1.6611111111111112,0.6222222222222222,0.5167995055217905
lgbm_deep Top-1,0.05272336188066484,0.0843776670315577,0.6248497231020386,0.036211324865134564,0.8083333333333333,1.0,1.0,0.510008461728777
lgbm_deep Top-3,0.12513912027830942,0.06094500739426857,2.0533120862346115,0.08505177939035202,0.662037037037037,3.0,1.0,0.5057962718694556
lgbm_deep Top-Decile,0.12513912027830942,0.06094500739426857,2.0533120862346115,0.08505177939035202,0.662037037037037,3.0,1.0,0.5057962718694556
Equal-weight,0.0186947458209048,0.039484432341488754,0.473471307861784,0.012905592283186662,0.002777777777777778,25.0,1.0,
