strategy,Annualized Return,Annualized Vol,Sharpe,Cumulative Return,Avg Turnover,Avg Trades/Day,Trade Rate,Avg Predicted P(Win)
lgbm_deep Threshold,0.03917438049935651,0.039377336417381566,0.9948458698202992,0.008907095641550455,0.32425472675472683,3.1166666666666667,0.5,0.5019914341478346
lgbm_deep Threshold Top-1,0.05004038354412299,0.06932250209766667,0.7218490681946591,0.01133186865044733,0.3416666666666667,0.5,0.5,0.5037386995608713
lgbm_deep Threshold Top-3,0.05927841280164459,0.0529700292820004,1.1190934497328628,0.01337822135166511,0.33611111111111114,1.3833333333333333,0.5,0.5029385277554753
lgbm_deep Top-1,0.039104218005555635,0.07773146668770022,0.5030680581734509,0.00889137548224972,0.7583333333333333,1.0,1.0,0.5008825355121097
lgbm_deep Top-3,0.05507330874555971,0.05664010760736128,0.9723376432710389,0.012448441265015875,0.6972222222222222,3.0,1.0,0.5003668276061997
lgbm_deep Top-Decile,0.05507330874555971,0.05664010760736128,0.9723376432710389,0.012448441265015875,0.6972222222222222,3.0,1.0,0.5003668276061997
Equal-weight,0.07069279651873694,0.028281720090823404,2.49959324580384,0.015887792745928442,0.008333333333333333,25.0,1.0,
