strategy,Annualized Return,Annualized Vol,Sharpe,Cumulative Return
Top-1,0.07247913359050862,0.09328221402829874,0.7769877070940967,0.1017343012134122
Top-3,0.05692791750884729,0.06351371040201025,0.8963091141821482,0.07967635015311725
Top-5,0.06932690672512232,0.05256713909021541,1.3188259419281672,0.09725315675379242
Equal-weight,0.015816304380917634,0.037140590384255844,0.42584956828317616,0.021965893085378996
