strategy,Annualized Return,Annualized Vol,Sharpe,Cumulative Return
Top-1,0.22108612363104374,0.08296186291799978,2.664912718384436,0.30850040065774653
Top-3,0.09789166126499382,0.06737213306471815,1.4529992863808898,0.13396410856137808
Top-5,0.10360663620899757,0.06089038595761331,1.7015270075824394,0.14191726458052933
Equal-weight,0.017426182345305463,0.03696298124605121,0.47144958977482687,0.02352880753233899
