strategy,Annualized Return,Annualized Vol,Sharpe,Cumulative Return,Avg Turnover,Avg Trades/Day,Trade Rate,Avg Predicted P(Win)
lgbm_deep_corr_regime Threshold,-0.003944911638785298,0.033694507813682786,-0.11707877321132241,-0.0009117487183489814,0.5518210187844392,12.5,1.0,0.5033422705766527
lgbm_deep_corr_regime Threshold Top-1,-0.05006770920991632,0.0701714168034373,-0.7135057476488602,-0.01178338790853728,0.7416666666666667,1.0,1.0,0.5070763410426482
lgbm_deep_corr_regime Threshold Top-3,0.00944129462380583,0.045843271619306895,0.20594722606642296,0.0021708924028516208,0.6194444444444442,2.9,1.0,0.505971295659029
lgbm_deep_corr_regime Top-1,-0.05006770920991632,0.0701714168034373,-0.7135057476488602,-0.01178338790853728,0.7416666666666667,1.0,1.0,0.5070763410426482
lgbm_deep_corr_regime Top-3,1.781599571959447e-05,0.045107011540794044,0.0003949717596228243,4.111355455416188e-06,0.6194444444444442,3.0,1.0,0.5057823032911246
lgbm_deep_corr_regime Top-Decile,1.781599571959447e-05,0.045107011540794044,0.0003949717596228243,4.111355455416188e-06,0.6194444444444442,3.0,1.0,0.5057823032911246
Equal-weight,0.013631998685172952,0.03505721458979544,0.3888500225896725,0.003129483302405145,0.008333333333333333,25.0,1.0,
