strategy,Annualized Return,Annualized Vol,Sharpe,Cumulative Return
Top-1,0.0958628710276499,0.10305289770308472,0.9302297476762791,0.17167949579079167
Top-3,0.06198954833192816,0.06744829753266085,0.9190676503274323,0.10970645487838171
Top-5,0.04462655674548177,0.06284242856768187,0.7101341842226636,0.07849273355414144
Equal-weight,0.00240686822436853,0.03900880132570119,0.06170064556130696,0.004169396156438632
