strategy,Annualized Return,Annualized Vol,Sharpe,Cumulative Return,Avg Turnover,Avg Trades/Day,Trade Rate,Avg Predicted P(Win)
lgbm_deep_volatility Threshold,-0.017954709510875633,0.04354758929357914,-0.4123008828303375,-0.012464790483859733,0.3816666666666666,1.1277777777777778,0.5111111111111111,0.5055063378059641
lgbm_deep_volatility Threshold Top-1,0.071717933194958,0.04970544325062096,1.4428587395015744,0.049119501758951634,0.41944444444444445,0.5111111111111111,0.5111111111111111,0.5077816792755769
lgbm_deep_volatility Threshold Top-3,-0.010215375437396923,0.04441215921572351,-0.23001303286736643,-0.007083347396640516,0.3796296296296296,1.0222222222222221,0.5111111111111111,0.5057557730843262
lgbm_deep_volatility Top-1,0.19348692909253673,0.08865774259813247,2.1824030639892746,0.1302680773129803,0.7361111111111112,1.0,1.0,0.5010685337937836
lgbm_deep_volatility Top-3,0.03399755377151403,0.068846011340783,0.4938202389565968,0.02341545082505414,0.6175925925925926,3.0,1.0,0.4978208203080345
lgbm_deep_volatility Top-Decile,0.03399755377151403,0.068846011340783,0.4938202389565968,0.02341545082505414,0.6175925925925926,3.0,1.0,0.4978208203080345
Equal-weight,0.0186947458209048,0.039484432341488754,0.473471307861784,0.012905592283186662,0.002777777777777778,25.0,1.0,
