strategy,Annualized Return,Annualized Vol,Sharpe,Cumulative Return,Avg Turnover,Avg Trades/Day,Trade Rate,Avg Predicted P(Win)
lgbm_deep_corr_regime Threshold,0.07283338767727177,0.06947989586997108,1.048265642389226,0.04987533494616958,0.4448898276926106,4.277777777777778,0.6833333333333333,0.506946396041832
lgbm_deep_corr_regime Threshold Top-1,0.09049071439774625,0.07224570146864576,1.2525411555041615,0.061807969204516144,0.44722222222222224,0.6833333333333333,0.6833333333333333,0.5136309518752794
lgbm_deep_corr_regime Threshold Top-3,0.09758224553269712,0.07158204650445979,1.363222348310724,0.06658358842389389,0.4583333333333333,1.6666666666666667,0.6833333333333333,0.5102136946803779
lgbm_deep_corr_regime Top-1,0.06699952942804477,0.08545764398111723,0.7840086188527386,0.04591962428915086,0.6972222222222222,1.0,1.0,0.5076391017390643
lgbm_deep_corr_regime Top-3,0.07129489836876735,0.06885334068734579,1.0354602646298363,0.048832789595060655,0.5731481481481481,3.0,1.0,0.5037526902008601
lgbm_deep_corr_regime Top-Decile,0.07129489836876735,0.06885334068734579,1.0354602646298363,0.048832789595060655,0.5731481481481481,3.0,1.0,0.5037526902008601
Equal-weight,0.0186947458209048,0.039484432341488754,0.473471307861784,0.012905592283186662,0.002777777777777778,25.0,1.0,
