strategy,Annualized Return,Annualized Vol,Sharpe,Cumulative Return,Avg Turnover,Avg Trades/Day,Trade Rate,Avg Predicted P(Win)
lgbm_deep_corr_regime Threshold,0.0678184760118179,0.06167689631742033,1.099576665835938,0.06244222070579131,0.4617015456006866,5.583333333333333,0.7375,0.5065134394699203
lgbm_deep_corr_regime Threshold Top-1,0.06491436096519476,0.06787660713460127,0.9563583641779224,0.05977471675668422,0.47708333333333336,0.7375,0.7375,0.513266506965009
lgbm_deep_corr_regime Threshold Top-3,0.09440551934548003,0.06382370359863956,1.479160782319319,0.08683736584704649,0.48125,1.8791666666666667,0.7375,0.5101555336365283
lgbm_deep_corr_regime Top-1,0.047861472892980705,0.07857231182150884,0.6091391710823867,0.04409985732892885,0.6854166666666667,1.0,1.0,0.5083419019512196
lgbm_deep_corr_regime Top-3,0.07495040192158675,0.06148121285702144,1.2190781287267183,0.0689907126223559,0.579861111111111,3.0,1.0,0.5047184265253793
lgbm_deep_corr_regime Top-Decile,0.07495040192158675,0.06148121285702144,1.2190781287267183,0.0689907126223559,0.579861111111111,3.0,1.0,0.5047184265253793
Equal-weight,0.03159229956597853,0.037025743438373,0.8532522680756407,0.02912708350866411,0.0020833333333333333,25.0,1.0,
