strategy,Annualized Return,Annualized Vol,Sharpe,Cumulative Return,Avg Turnover,Avg Trades/Day,Trade Rate,Avg Predicted P(Win)
lgbm_deep_volatility Threshold,0.015140789763606222,0.03837019608638126,0.39459766453943523,0.0034738611491513804,0.41799527814233695,12.566666666666666,1.0,0.5085221023555058
lgbm_deep_volatility Threshold Top-1,-0.2506083081594841,0.08469351342535969,-2.959002384289382,-0.06440764754586303,0.8083333333333333,1.0,1.0,0.5202050770030614
lgbm_deep_volatility Threshold Top-3,-0.13303712269731038,0.06028592775532415,-2.2067691026876703,-0.03240765579904403,0.6638888888888889,2.9833333333333334,1.0,0.5165463715629471
lgbm_deep_volatility Top-1,-0.2506083081594841,0.08469351342535969,-2.959002384289382,-0.06440764754586303,0.8083333333333333,1.0,1.0,0.5202050770030614
lgbm_deep_volatility Top-3,-0.14422729816290647,0.060667756880464205,-2.3773303246909645,-0.03530415796241537,0.6527777777777776,3.0,1.0,0.5164887931796732
lgbm_deep_volatility Top-Decile,-0.14422729816290647,0.060667756880464205,-2.3773303246909645,-0.03530415796241537,0.6527777777777776,3.0,1.0,0.5164887931796732
Equal-weight,0.013631998685172952,0.03505721458979544,0.3888500225896725,0.003129483302405145,0.008333333333333333,25.0,1.0,
