strategy,Annualized Return,Annualized Vol,Sharpe,Cumulative Return,Avg Turnover,Avg Trades/Day,Trade Rate,Avg Predicted P(Win)
logreg Threshold,-0.07146545310456398,0.03894539911252391,-1.8350165804715657,-0.01696544392988042,0.4764309764309764,6.916666666666667,1.0,0.5072026135805661
logreg Threshold Top-1,-0.1342374966108194,0.05160490305037322,-2.601254700154864,-0.03271698275974466,0.008333333333333333,1.0,1.0,0.5207164346592138
logreg Threshold Top-3,-0.08745277847886912,0.039383879642662004,-2.2205221850245853,-0.020897505526378923,0.40833333333333327,2.95,1.0,0.5121354991997233
logreg Top-1,-0.1342374966108194,0.05160490305037322,-2.601254700154864,-0.03271698275974466,0.008333333333333333,1.0,1.0,0.5207164346592138
logreg Top-3,-0.06504044027017919,0.037711165992080166,-1.7246997953825804,-0.01539988299994377,0.3972222222222222,3.0,1.0,0.5119085566147866
logreg Top-Decile,-0.06504044027017919,0.037711165992080166,-1.7246997953825804,-0.01539988299994377,0.3972222222222222,3.0,1.0,0.5119085566147866
Equal-weight,0.07069279651873694,0.028281720090823404,2.49959324580384,0.015887792745928442,0.008333333333333333,25.0,1.0,
