strategy,Annualized Return,Annualized Vol,Sharpe,Cumulative Return,Avg Turnover,Avg Trades/Day,Trade Rate,Avg Predicted P(Win)
logreg Threshold,0.0829932750071456,0.04268488978106248,1.94432445375474,0.05674859692851686,0.2431018518518519,0.9944444444444445,0.55,0.5034896306537248
logreg Threshold Top-1,0.03956993807136788,0.044647836632141155,0.8862677579966375,0.027230615560052573,0.2611111111111111,0.55,0.55,0.5046548916493266
logreg Threshold Top-3,0.07702387310625713,0.041945479911070935,1.8362854178699655,0.05271265502733424,0.23981481481481481,0.9222222222222223,0.55,0.5036195786598302
logreg Top-1,-0.02109210926898686,0.07003632046396781,-0.30115958590140807,-0.014650053869487922,0.4861111111111111,1.0,1.0,0.4999503711003838
logreg Top-3,-0.01692504770723302,0.05574391515077144,-0.30362143852751605,-0.011748078273646101,0.33611111111111114,3.0,1.0,0.4964234517457061
logreg Top-Decile,-0.01692504770723302,0.05574391515077144,-0.30362143852751605,-0.011748078273646101,0.33611111111111114,3.0,1.0,0.4964234517457061
Equal-weight,0.0186947458209048,0.039484432341488754,0.473471307861784,0.012905592283186662,0.002777777777777778,25.0,1.0,
