strategy,Annualized Return,Annualized Vol,Sharpe,Cumulative Return
Top-1,0.33395168779919704,0.08769100671821724,3.8082774995650808,0.30470984437761084
Top-3,0.18950040581897665,0.06498776818974378,2.915939585210793,0.17372760263654374
Top-5,0.12572454668879063,0.05318989075365377,2.363692515765399,0.11551603625545326
Equal-weight,0.07551824381377625,0.034091891104145504,2.2151380098886153,0.06951195774767527
