strategy,Annualized Return,Annualized Vol,Sharpe,Cumulative Return,Avg Turnover,Avg Trades/Day,Trade Rate,Avg Predicted P(Win)
lgbm_deep_returns_momentum Threshold,-0.0015376363371643054,0.03532179619394529,-0.04353222380655376,-0.0014194406058412046,0.4197092028342028,2.7,0.6,0.5032394164482061
lgbm_deep_returns_momentum Threshold Top-1,-0.026541116174169654,0.048462867282836136,-0.5476588089448351,-0.024524742849487358,0.50625,0.6,0.6,0.5056268784052882
lgbm_deep_returns_momentum Threshold Top-3,-0.012769914212056865,0.03647463479790337,-0.35010396355746115,-0.01179342932826366,0.45972222222222225,1.4541666666666666,0.6,0.5042346226386187
lgbm_deep_returns_momentum Top-1,-0.04899975120086997,0.10140647455735526,-0.48320140715626425,-0.045317320017943974,0.8520833333333333,1.0,1.0,0.4994534644617732
lgbm_deep_returns_momentum Top-3,0.026864191468324305,0.06468238075505389,0.41532471678889615,0.024772336952637586,0.7381944444444444,3.0,1.0,0.4973112691901648
lgbm_deep_returns_momentum Top-Decile,0.026864191468324305,0.06468238075505389,0.41532471678889615,0.024772336952637586,0.7381944444444444,3.0,1.0,0.4973112691901648
Equal-weight,0.03159229956597853,0.037025743438373,0.8532522680756407,0.02912708350866411,0.0020833333333333333,25.0,1.0,
