strategy,Annualized Return,Annualized Vol,Sharpe,Cumulative Return,Avg Turnover,Avg Trades/Day,Trade Rate,Avg Predicted P(Win)
lgbm_deep_returns_momentum Threshold,-0.01719138767773798,0.03291803871966228,-0.5222482367234531,-0.01193344622260184,0.3579497354497354,1.0222222222222221,0.4666666666666667,0.5028982173333918
lgbm_deep_returns_momentum Threshold Top-1,-0.04192540200277772,0.038730290296144075,-1.0824964564479846,-0.02921599965596211,0.36944444444444446,0.4666666666666667,0.4666666666666667,0.5039694913940955
lgbm_deep_returns_momentum Threshold Top-3,-0.02012815081130548,0.034234477681545264,-0.5879496979197651,-0.01397840796285843,0.3574074074074074,0.9444444444444444,0.4666666666666667,0.5029638099616179
lgbm_deep_returns_momentum Top-1,-0.07128309858488868,0.10988932452722645,-0.6486808331161177,-0.04990858113672547,0.8305555555555556,1.0,1.0,0.496622212542045
lgbm_deep_returns_momentum Top-3,0.0337848288650644,0.07053484495405951,0.47898069226733264,0.023269682318828533,0.7305555555555555,3.0,1.0,0.49441347968924276
lgbm_deep_returns_momentum Top-Decile,0.0337848288650644,0.07053484495405951,0.47898069226733264,0.023269682318828533,0.7305555555555555,3.0,1.0,0.49441347968924276
Equal-weight,0.0186947458209048,0.039484432341488754,0.473471307861784,0.012905592283186662,0.002777777777777778,25.0,1.0,
