strategy,Annualized Return,Annualized Vol,Sharpe,Cumulative Return,Avg Turnover,Avg Trades/Day,Trade Rate,Avg Predicted P(Win)
lgbm_deep_returns_momentum Threshold,0.04707707010420714,0.041575011614201726,1.1323405160066378,0.010672520023817578,0.6029042716542715,7.733333333333333,1.0,0.5037170952089461
lgbm_deep_returns_momentum Threshold Top-1,0.02165890024240813,0.0699312669313896,0.30971697200421,0.004957094935515105,0.9083333333333333,1.0,1.0,0.507947220220958
lgbm_deep_returns_momentum Threshold Top-3,0.00909271030246761,0.042427689767213055,0.2143107567806863,0.002091018637315978,0.775,2.9833333333333334,1.0,0.50601376038642
lgbm_deep_returns_momentum Top-1,0.02165890024240813,0.0699312669313896,0.30971697200421,0.004957094935515105,0.9083333333333333,1.0,1.0,0.507947220220958
lgbm_deep_returns_momentum Top-3,0.005835497455011884,0.04247996060346633,0.13737059479607222,0.0013436411603089393,0.7694444444444443,3.0,1.0,0.5060046376929308
lgbm_deep_returns_momentum Top-Decile,0.005835497455011884,0.04247996060346633,0.13737059479607222,0.0013436411603089393,0.7694444444444443,3.0,1.0,0.5060046376929308
Equal-weight,0.07069279651873694,0.028281720090823404,2.49959324580384,0.015887792745928442,0.008333333333333333,25.0,1.0,
