strategy,Annualized Return,Annualized Vol,Sharpe,Cumulative Return,Avg Turnover,Avg Trades/Day,Trade Rate,Avg Predicted P(Win)
lgbm_deep Threshold,0.005824027096569928,0.034187176220915015,0.17035706777697854,0.0060487042601948815,0.3959493062709437,5.074074074074074,0.6370370370370371,0.5082844831523343
lgbm_deep Threshold Top-1,-0.010478382230632022,0.05616607864725144,-0.1865606872155173,-0.010879196848243788,0.49444444444444446,0.6370370370370371,0.6370370370370371,0.5168371292728431
lgbm_deep Threshold Top-3,0.004300093866886456,0.04384010624596267,0.09808584501964936,0.004465850853746733,0.4450617283950617,1.7481481481481482,0.6370370370370371,0.5129416073885548
lgbm_deep Top-1,0.04777822516618335,0.08200638996294923,0.582615881369363,0.04966075464965991,0.7981481481481482,1.0,1.0,0.507974340572325
lgbm_deep Top-3,0.08426062470618834,0.06015892519280381,1.400633811793359,0.087639526520908,0.6685185185185185,3.0,1.0,0.5048947948614838
lgbm_deep Top-Decile,0.08426062470618834,0.06015892519280381,1.400633811793359,0.087639526520908,0.6685185185185185,3.0,1.0,0.5048947948614838
Equal-weight,0.026461976326650483,0.036750288652626036,0.7200481219828354,0.027493611565050147,0.001851851851851852,25.0,1.0,
