strategy,Annualized Return,Annualized Vol,Sharpe,Cumulative Return
Top-1,0.004781079402597088,0.07054283884718272,0.06777554576382108,0.003307548451376263
Top-3,0.015050956377314906,0.05004525960333449,0.300746893843909,0.010395922216105635
Top-5,0.029016459352532165,0.045741428724995224,0.6343583959080892,0.01999975794752684
Equal-weight,-0.013142101842369858,0.037597496597718896,-0.3495472579726814,-0.00911688004965272
