strategy,Annualized Return,Annualized Vol,Sharpe,Cumulative Return
Top-1,0.25201644338521545,0.08688407220706047,2.9006057955549625,0.23055652804471594
Top-3,0.12884305518846406,0.06614327287168575,1.9479389149432078,0.11836825137903917
Top-5,0.12007601731117412,0.05640676543766202,2.128752045601271,0.1103482930551829
Equal-weight,0.03145265012970455,0.03702524952735814,0.8494919151446645,0.028998483719077095
