strategy,Annualized Return,Annualized Vol,Sharpe,Cumulative Return,Avg Turnover,Avg Trades/Day,Trade Rate,Avg Predicted P(Win)
rf_corr_regime Threshold,-0.03322742778350185,0.018725196356765828,-1.7744768679820035,-0.026924435672457503,0.14121439675833172,2.6857142857142855,0.2571428571428571,0.5041296611760484
rf_corr_regime Threshold Top-1,-0.017562386527749663,0.02550773308014807,-0.6885122434269927,-0.014209127418131628,0.1761904761904762,0.2571428571428571,0.2571428571428571,0.5079469413231251
rf_corr_regime Threshold Top-3,-0.02779435869585367,0.020942757044856243,-1.3271585320080983,-0.022509959245502698,0.1380952380952381,0.6857142857142857,0.2571428571428571,0.5064185502900832
rf_corr_regime Top-1,-0.06173287644051817,0.07139282282646287,-0.8646930321073664,-0.050164655389749124,0.65,1.0,1.0,0.4939001708815927
rf_corr_regime Top-3,-0.07560652486908437,0.04695622095001189,-1.610149269669139,-0.061524676602135675,0.48650793650793644,3.0,1.0,0.49200200376253306
rf_corr_regime Top-Decile,-0.07560652486908437,0.04695622095001189,-1.610149269669139,-0.061524676602135675,0.48650793650793644,3.0,1.0,0.49200200376253306
Equal-weight,0.02999817636735158,0.03721287310605424,0.8061236304398951,0.024160228130847505,0.002380952380952381,25.0,1.0,
