strategy,Annualized Return,Annualized Vol,Sharpe,Cumulative Return,Avg Turnover,Avg Trades/Day,Trade Rate,Avg Predicted P(Win)
rf_corr_regime Threshold,-0.02677084404104335,0.024478334291603333,-1.0936546466818375,-0.027786055086495565,0.23977307058972377,4.874074074074074,0.4148148148148148,0.5039369985047515
rf_corr_regime Threshold Top-1,0.023830662040663197,0.044743744835958985,0.5326032080692389,0.024758481546312217,0.3351851851851852,0.4148148148148148,0.4148148148148148,0.5076488898370476
rf_corr_regime Threshold Top-3,-0.011614581435644755,0.031127266948249015,-0.37313206633125573,-0.012058592041106486,0.2537037037037037,1.162962962962963,0.4148148148148148,0.5063323826294084
rf_corr_regime Top-1,-0.011069811057669687,0.07401123207342612,-0.14956933897124414,-0.011493117102443162,0.7055555555555556,1.0,1.0,0.49682946480415247
rf_corr_regime Top-3,-0.04515687101274468,0.04898946378258781,-0.921766998984681,-0.04685234841053354,0.5216049382716049,3.0,1.0,0.49509127316769586
rf_corr_regime Top-Decile,-0.04515687101274468,0.04898946378258781,-0.921766998984681,-0.04685234841053354,0.5216049382716049,3.0,1.0,0.49509127316769586
Equal-weight,0.026461976326650483,0.036750288652626036,0.7200481219828354,0.027493611565050147,0.001851851851851852,25.0,1.0,
