strategy,Annualized Return,Annualized Vol,Sharpe,Cumulative Return,Avg Turnover,Avg Trades/Day,Trade Rate,Avg Predicted P(Win)
ensemble Threshold,-0.006227335593465444,0.02898063574621058,-0.2148791920232361,-0.005032790273477139,0.3655089024731882,2.0761904761904764,0.5666666666666667,0.506199373641107
ensemble Threshold Top-1,-0.012073514100216731,0.041712378797457206,-0.2894467888978975,-0.009763060025437587,0.31666666666666665,0.5666666666666667,0.5666666666666667,0.5106567434903114
ensemble Threshold Top-3,-0.006192645221029136,0.03131979607562769,-0.19772303772590982,-0.005004737540791004,0.3555555555555555,1.3238095238095238,0.5666666666666667,0.5077306499910847
ensemble Top-1,-0.03661171260819962,0.07329051391949827,-0.49954230977850206,-0.029676644986796785,0.5880952380952381,1.0,1.0,0.5025472837413879
ensemble Top-3,0.013999634382088733,0.055535031788374586,0.2520865466582724,0.011292259947953687,0.5658730158730159,3.0,1.0,0.4994201377290228
ensemble Top-Decile,0.013999634382088733,0.055535031788374586,0.2520865466582724,0.011292259947953687,0.5658730158730159,3.0,1.0,0.4994201377290228
Equal-weight,0.02999817636735158,0.03721287310605424,0.8061236304398951,0.024160228130847505,0.002380952380952381,25.0,1.0,
