strategy,Annualized Return,Annualized Vol,Sharpe,Cumulative Return
Top-1,0.1286706246871454,0.0894553474084696,1.4383782346695455,0.23880670325763376
Top-3,0.058581805699453815,0.06713359909661283,0.8726152997569515,0.10596966218683401
Top-5,0.06081799737115978,0.05698393716106499,1.0672831748929146,0.11010646625644482
Equal-weight,0.0014890847593498346,0.039095910047974136,0.03808799328427439,0.002636043265050736
