strategy,Annualized Return,Annualized Vol,Sharpe,Cumulative Return
Top-1,0.14448371443339458,0.07061608525390578,2.046045372154118,0.09793312690255074
Top-3,-0.01699655530398203,0.061129763869238886,-0.27804058494874817,-0.011797844789427692
Top-5,0.008671071186770352,0.04558740637686829,0.19020760064933587,0.005995071267429042
Equal-weight,-0.013142101842369858,0.037597496597718896,-0.3495472579726814,-0.00911688004965272
