strategy,Annualized Return,Annualized Vol,Sharpe,Cumulative Return,Avg Turnover,Avg Trades/Day,Trade Rate,Avg Predicted P(Win)
logreg_volatility Threshold,0.05597347474089798,0.037067590134314515,1.5100381367679403,0.04497127786862065,0.19063388991960423,1.980952380952381,0.5095238095238095,0.5055397192921539
logreg_volatility Threshold Top-1,0.05942642741575055,0.05154772366975652,1.152842903334964,0.04773027674705421,0.25,0.5095238095238095,0.5095238095238095,0.5108110480873572
logreg_volatility Threshold Top-3,0.08663099422787823,0.04017514925994198,2.1563328531116785,0.06940749908724508,0.1944444444444445,1.2523809523809524,0.5095238095238095,0.5072266182624009
logreg_volatility Top-1,0.15384319792669765,0.08558270765256418,1.7975967592804747,0.12252361860519434,0.5404761904761904,1.0,1.0,0.4995347125100471
logreg_volatility Top-3,0.10763865603862777,0.0653620975533558,1.6468054127357394,0.08607547551481876,0.3753968253968254,3.0,1.0,0.4963888646402069
logreg_volatility Top-Decile,0.10763865603862777,0.0653620975533558,1.6468054127357394,0.08607547551481876,0.3753968253968254,3.0,1.0,0.4963888646402069
Equal-weight,0.02999817636735158,0.03721287310605424,0.8061236304398951,0.024160228130847505,0.002380952380952381,25.0,1.0,
