strategy,Annualized Return,Annualized Vol,Sharpe,Cumulative Return,Avg Turnover,Avg Trades/Day,Trade Rate,Avg Predicted P(Win)
lgbm_deep Threshold,-0.008829517782832808,0.04706686297383921,-0.18759520445924865,-0.0020445368404692355,0.5252821642295326,11.4,1.0,0.5031747016853434
lgbm_deep Threshold Top-1,0.06918432478042225,0.08749423390100959,0.7907301052398144,0.015557323228405417,0.7416666666666667,1.0,1.0,0.5068459616574578
lgbm_deep Threshold Top-3,0.014955363274257616,0.0684704403336756,0.21842072581067026,0.003431559239122306,0.6527777777777778,2.8833333333333333,1.0,0.5057401975398479
lgbm_deep Top-1,0.06918432478042225,0.08749423390100959,0.7907301052398144,0.015557323228405417,0.7416666666666667,1.0,1.0,0.5068459616574578
lgbm_deep Top-3,0.0029859017942455157,0.06636206363739562,0.04499410703320764,0.0006882643245067488,0.6305555555555554,3.0,1.0,0.5056507945267914
lgbm_deep Top-Decile,0.0029859017942455157,0.06636206363739562,0.04499410703320764,0.0006882643245067488,0.6305555555555554,3.0,1.0,0.5056507945267914
Equal-weight,0.013631998685172952,0.03505721458979544,0.3888500225896725,0.003129483302405145,0.008333333333333333,25.0,1.0,
