strategy,Annualized Return,Annualized Vol,Sharpe,Cumulative Return,Avg Turnover,Avg Trades/Day,Trade Rate,Avg Predicted P(Win)
lgbm_deep Threshold,0.010050405893676784,0.029486816662933693,0.34084404595327555,0.008109821930370797,0.3589970611399183,3.2666666666666666,0.5333333333333333,0.5110218660810795
lgbm_deep Threshold Top-1,-0.03212897742537035,0.04312501505672737,-0.7450195062681684,-0.026031539010135996,0.4238095238095238,0.5333333333333333,0.5333333333333333,0.5221895404953708
lgbm_deep Threshold Top-3,0.001276328818834216,0.03363625326502035,0.03794503533963814,0.0010307545194301326,0.38571428571428573,1.4238095238095239,0.5333333333333333,0.5167995055217905
lgbm_deep Top-1,0.041901369221342355,0.08037946362168878,0.5212944617116867,0.03370927917129651,0.8119047619047619,1.0,1.0,0.5082967345480014
lgbm_deep Top-3,0.10884029686455055,0.058197109083967975,1.8702010903585184,0.0870270378404554,0.676984126984127,3.0,1.0,0.5046787949571101
lgbm_deep Top-Decile,0.10884029686455055,0.058197109083967975,1.8702010903585184,0.0870270378404554,0.676984126984127,3.0,1.0,0.5046787949571101
Equal-weight,0.02999817636735158,0.03721287310605424,0.8061236304398951,0.024160228130847505,0.002380952380952381,25.0,1.0,
