strategy,Annualized Return,Annualized Vol,Sharpe,Cumulative Return,Avg Turnover,Avg Trades/Day,Trade Rate,Avg Predicted P(Win)
rf Threshold,-0.001217610772948352,0.03630694256230069,-0.03353658245551797,-0.0011240010646538234,0.39998728107619363,3.4166666666666665,0.5833333333333334,0.5040994535916468
rf Threshold Top-1,0.03325135009877411,0.044192715170581966,0.7524169983768896,0.030654760632290667,0.43125,0.5833333333333334,0.5833333333333334,0.5074490902856326
rf Threshold Top-3,0.0027116304022338777,0.03843620727930459,0.07054885469133983,0.0025027826508630113,0.41041666666666665,1.3625,0.5833333333333334,0.5056263017898924
rf Top-1,0.02246386620828189,0.07429055856032946,0.3023784804369126,0.020718103618470485,0.7479166666666667,1.0,1.0,0.5016551215210657
rf Top-3,0.0003917523308145654,0.04840415668500311,0.008093361348364131,0.00036161208826746005,0.5979166666666667,3.0,1.0,0.49884868932707555
rf Top-Decile,0.0003917523308145654,0.04840415668500311,0.008093361348364131,0.00036161208826746005,0.5979166666666667,3.0,1.0,0.49884868932707555
Equal-weight,0.03159229956597853,0.037025743438373,0.8532522680756407,0.02912708350866411,0.0020833333333333333,25.0,1.0,
