strategy,Annualized Return,Annualized Vol,Sharpe,Cumulative Return,Avg Turnover,Avg Trades/Day,Trade Rate,Avg Predicted P(Win)
logreg_returns_momentum Threshold,0.050805096811903594,0.04698889624517559,1.0812149437776977,0.011501787909676375,0.402367678499392,13.583333333333334,1.0,0.5074431726674443
logreg_returns_momentum Threshold Top-1,0.14585582378973205,0.09360146833442654,1.558264270690788,0.03191845416342409,0.8083333333333333,1.0,1.0,0.5183389479959667
logreg_returns_momentum Threshold Top-3,0.09861116609188136,0.0664536515951584,1.4839089158354972,0.02194033457124167,0.6249999999999999,3.0,1.0,0.5146370058955582
logreg_returns_momentum Top-1,0.14585582378973205,0.09360146833442654,1.558264270690788,0.03191845416342409,0.8083333333333333,1.0,1.0,0.5183389479959667
logreg_returns_momentum Top-3,0.09861116609188136,0.0664536515951584,1.4839089158354972,0.02194033457124167,0.6249999999999999,3.0,1.0,0.5146370058955582
logreg_returns_momentum Top-Decile,0.09861116609188136,0.0664536515951584,1.4839089158354972,0.02194033457124167,0.6249999999999999,3.0,1.0,0.5146370058955582
Equal-weight,0.013631998685172952,0.03505721458979544,0.3888500225896725,0.003129483302405145,0.008333333333333333,25.0,1.0,
