strategy,Annualized Return,Annualized Vol,Sharpe,Cumulative Return,Avg Turnover,Avg Trades/Day,Trade Rate,Avg Predicted P(Win)
rf_corr_regime Threshold,0.02528490751426693,0.02845514793419078,0.8885881589069304,0.0057790653209031095,0.2736036429457482,5.9,0.4666666666666667,0.5026831694044344
rf_corr_regime Threshold Top-1,0.1412493604210816,0.05673038435528374,2.489836126201496,0.030959642062466486,0.44166666666666665,0.4666666666666667,0.4666666666666667,0.5049829510647071
rf_corr_regime Threshold Top-3,0.017319530698233,0.03814523961875719,0.45404173289598243,0.003970459285785877,0.35833333333333334,1.3333333333333333,0.4666666666666667,0.5043710250833949
rf_corr_regime Top-1,0.11977451736118638,0.0625037963682431,1.9162758795566754,0.026450064087098824,0.7583333333333333,1.0,1.0,0.5011708548399622
rf_corr_regime Top-3,0.055891312594994025,0.044032601249274834,1.2693166201693453,0.012629531096782998,0.6027777777777776,3.0,1.0,0.5007811214157772
rf_corr_regime Top-Decile,0.055891312594994025,0.044032601249274834,1.2693166201693453,0.012629531096782998,0.6027777777777776,3.0,1.0,0.5007811214157772
Equal-weight,0.07069279651873694,0.028281720090823404,2.49959324580384,0.015887792745928442,0.008333333333333333,25.0,1.0,
