strategy,Annualized Return,Annualized Vol,Sharpe,Cumulative Return,Avg Turnover,Avg Trades/Day,Trade Rate,Avg Predicted P(Win)
rf_corr_regime Threshold,-0.0230554335208224,0.022618637441387795,-1.019311334759509,-0.02130096842403395,0.19196350789997732,3.825,0.3416666666666667,0.5036357371564727
rf_corr_regime Threshold Top-1,0.017681771418250447,0.037294008444810504,0.4741182875103596,0.01631060514544913,0.26458333333333334,0.3416666666666667,0.3416666666666667,0.5069348470885432
rf_corr_regime Threshold Top-3,-0.020165526328476235,0.027366795801872425,-0.7368610660330399,-0.018628874836425946,0.21041666666666664,0.9333333333333333,0.3416666666666667,0.5057193953414579
rf_corr_regime Top-1,-0.021261468121899663,0.07279127070469969,-0.2920881572208484,-0.01964214354965077,0.68125,1.0,1.0,0.4952330720693016
rf_corr_regime Top-3,-0.05749399700478752,0.048535481673261674,-1.1845766235891941,-0.05319123608766396,0.5118055555555556,3.0,1.0,0.4934766971615987
rf_corr_regime Top-Decile,-0.05749399700478752,0.048535481673261674,-1.1845766235891941,-0.05319123608766396,0.5118055555555556,3.0,1.0,0.4934766971615987
Equal-weight,0.03159229956597853,0.037025743438373,0.8532522680756407,0.02912708350866411,0.0020833333333333333,25.0,1.0,
