strategy,Annualized Return,Annualized Vol,Sharpe,Cumulative Return,Avg Turnover,Avg Trades/Day,Trade Rate,Avg Predicted P(Win)
rf_corr_regime Threshold,-0.03848338460955436,0.020205409356371516,-1.9046080151511071,-0.026802786020710068,0.16197235177360925,3.1333333333333333,0.3,0.5041296611760483
rf_corr_regime Threshold Top-1,-0.020282427961850757,0.02754749445535861,-0.736271242189337,-0.014085888154150905,0.20277777777777778,0.3,0.3,0.5079469413231249
rf_corr_regime Threshold Top-3,-0.03217631661355147,0.022608330625813612,-1.4232062130590648,-0.02238775771521706,0.15833333333333335,0.8,0.3,0.5064185502900829
rf_corr_regime Top-1,-0.06403975388217042,0.07570148369295719,-0.8459511063470516,-0.04478468045716144,0.6527777777777778,1.0,1.0,0.4932538111457482
rf_corr_regime Top-3,-0.09257032841223234,0.049724459348490575,-1.8616658607278027,-0.06503877785029322,0.4824074074074073,3.0,1.0,0.49104188907687246
rf_corr_regime Top-Decile,-0.09257032841223234,0.049724459348490575,-1.8616658607278027,-0.06503877785029322,0.4824074074074073,3.0,1.0,0.49104188907687246
Equal-weight,0.0186947458209048,0.039484432341488754,0.473471307861784,0.012905592283186662,0.002777777777777778,25.0,1.0,
