strategy,Annualized Return,Annualized Vol,Sharpe,Cumulative Return,Avg Turnover,Avg Trades/Day,Trade Rate,Avg Predicted P(Win)
rf_corr_regime Threshold,-0.00383133439135952,0.03829295138121415,-0.10005325401058288,-0.0008854599227693383,0.5847284289995961,12.533333333333333,0.9666666666666667,0.5037576229142338
rf_corr_regime Threshold Top-1,0.18293030533064814,0.08139523576774838,2.2474325874872827,0.03952928562057467,0.8916666666666667,0.9666666666666667,0.9666666666666667,0.507371393625872
rf_corr_regime Threshold Top-3,0.04716472738511235,0.05299008455474895,0.8900670338878609,0.010692044694725844,0.6583333333333332,2.8333333333333335,0.9666666666666667,0.5062521575660215
rf_corr_regime Top-1,0.18942686584111557,0.08149411544655773,2.3244238532208876,0.04084397636814763,0.8916666666666667,1.0,1.0,0.5070819935331116
rf_corr_regime Top-3,0.07011448741589765,0.05494376795667093,1.2761135616179522,0.015761141626792652,0.6361111111111111,3.0,1.0,0.5059037160857655
rf_corr_regime Top-Decile,0.07011448741589765,0.05494376795667093,1.2761135616179522,0.015761141626792652,0.6361111111111111,3.0,1.0,0.5059037160857655
Equal-weight,0.013631998685172952,0.03505721458979544,0.3888500225896725,0.003129483302405145,0.008333333333333333,25.0,1.0,
