strategy,Annualized Return,Annualized Vol,Sharpe,Cumulative Return
Top-1,0.24114280337251248,0.08350371936442863,2.887809132430523,0.24114280337251248
Top-3,0.10313628318542678,0.06489495169761521,1.5892805293391856,0.10313628318542678
Top-5,0.1209541986290481,0.05516430751537411,2.1926170032196737,0.1209541986290481
Equal-weight,0.031565073607400906,0.03716082082892696,0.8494180941996261,0.031565073607400906
