strategy,Annualized Return,Annualized Vol,Sharpe,Cumulative Return,Avg Turnover,Avg Trades/Day,Trade Rate,Avg Predicted P(Win)
lgbm_deep_corr_regime Threshold,0.05509031847348278,0.05923587639061926,0.9300160954857928,0.0572687437663133,0.4652851999241337,6.67037037037037,0.7666666666666667,0.5059935790559835
lgbm_deep_corr_regime Threshold Top-1,0.0465630148676246,0.06918719445131344,0.6730004769942026,0.04839656637317047,0.5166666666666667,0.7666666666666667,0.7666666666666667,0.5122942480989634
lgbm_deep_corr_regime Threshold Top-3,0.07056730214491647,0.06275922454568815,1.124413226195045,0.07337870215352993,0.49938271604938267,2.0037037037037035,0.7666666666666667,0.5094871203807517
lgbm_deep_corr_regime Top-1,0.03165277541887335,0.07859690443933673,0.40272292712626917,0.03288999828600869,0.7018518518518518,1.0,1.0,0.5081436818221168
lgbm_deep_corr_regime Top-3,0.05363373003197047,0.06062341686104764,0.8847031858151787,0.05575304989122154,0.587037037037037,3.0,1.0,0.5048100993749671
lgbm_deep_corr_regime Top-Decile,0.05363373003197047,0.06062341686104764,0.8847031858151787,0.05575304989122154,0.587037037037037,3.0,1.0,0.5048100993749671
Equal-weight,0.026461976326650483,0.036750288652626036,0.7200481219828354,0.027493611565050147,0.001851851851851852,25.0,1.0,
