strategy,Annualized Return,Annualized Vol,Sharpe,Cumulative Return,Avg Turnover,Avg Trades/Day,Trade Rate,Avg Predicted P(Win)
ensemble_brier Threshold,0.01633012590780125,0.01855473786077754,0.880105449634034,0.011277269035404602,0.16111111111111112,0.4111111111111111,0.20555555555555555,0.5012175247234285
ensemble_brier Threshold Top-1,0.025595191138316098,0.03071044458351123,0.8334360340735163,0.017650739447653052,0.15833333333333333,0.20555555555555555,0.20555555555555555,0.5015880594214273
ensemble_brier Threshold Top-3,0.020820130720968333,0.019166062322227465,1.0863019419916315,0.01436818145681662,0.16111111111111112,0.38333333333333336,0.20555555555555555,0.5012703065580983
ensemble_brier Top-1,0.08514753219674631,0.10440531219307142,0.815547891272882,0.05820341878680191,0.7583333333333333,1.0,1.0,0.49288460044723914
ensemble_brier Top-3,0.04141677290014645,0.07743207072119451,0.5348787978210423,0.02849367221886534,0.5916666666666667,3.0,1.0,0.49121336589259434
ensemble_brier Top-Decile,0.04141677290014645,0.07743207072119451,0.5348787978210423,0.02849367221886534,0.5916666666666667,3.0,1.0,0.49121336589259434
Equal-weight,0.0186947458209048,0.039484432341488754,0.473471307861784,0.012905592283186662,0.002777777777777778,25.0,1.0,
