strategy,Annualized Return,Annualized Vol,Sharpe,Cumulative Return,Avg Turnover,Avg Trades/Day,Trade Rate,Avg Predicted P(Win)
logreg_volatility Threshold,-0.021360950537497758,0.04562579882768857,-0.4681770201584855,-0.004970467110471999,0.3295141895141895,7.966666666666667,1.0,0.5072829274179463
logreg_volatility Threshold Top-1,0.03649352553997609,0.07975972196421305,0.45754328928516286,0.008305859155938844,0.44166666666666665,1.0,1.0,0.5179238908436857
logreg_volatility Threshold Top-3,0.02076893621568443,0.06927075518417715,0.2998225753489184,0.004755008339821121,0.37499999999999994,3.0,1.0,0.5128070895806249
logreg_volatility Top-1,0.03649352553997609,0.07975972196421305,0.45754328928516286,0.008305859155938844,0.44166666666666665,1.0,1.0,0.5179238908436857
logreg_volatility Top-3,0.02076893621568443,0.06927075518417715,0.2998225753489184,0.004755008339821121,0.37499999999999994,3.0,1.0,0.5128070895806249
logreg_volatility Top-Decile,0.02076893621568443,0.06927075518417715,0.2998225753489184,0.004755008339821121,0.37499999999999994,3.0,1.0,0.5128070895806249
Equal-weight,0.07069279651873694,0.028281720090823404,2.49959324580384,0.015887792745928442,0.008333333333333333,25.0,1.0,
