strategy,Annualized Return,Annualized Vol,Sharpe,Cumulative Return,Avg Turnover,Avg Trades/Day,Trade Rate,Avg Predicted P(Win)
logreg_volatility Threshold,0.032088178483814955,0.040175016740378204,0.7987097725727763,0.029583715596653626,0.2089757696007696,2.7916666666666665,0.5708333333333333,0.5058493542161273
logreg_volatility Threshold Top-1,0.023372495827135964,0.05893572046335661,0.39657606021237757,0.02155537797921525,0.27291666666666664,0.5708333333333333,0.5708333333333333,0.5123686740296108
logreg_volatility Threshold Top-3,0.049996130400467687,0.047830824184957314,1.0452701004510676,0.04606308315302443,0.22291666666666668,1.4708333333333334,0.5708333333333333,0.5084440605829877
logreg_volatility Top-1,0.10274534620112807,0.08706711812529706,1.1800705985613156,0.094480196807055,0.5270833333333333,1.0,1.0,0.5018333992659139
logreg_volatility Top-3,0.06773680273043547,0.06795982174724838,0.9967183696031113,0.06236720934124751,0.38125,3.0,1.0,0.4984385405009829
logreg_volatility Top-Decile,0.06773680273043547,0.06795982174724838,0.9967183696031113,0.06236720934124751,0.38125,3.0,1.0,0.4984385405009829
Equal-weight,0.03159229956597853,0.037025743438373,0.8532522680756407,0.02912708350866411,0.0020833333333333333,25.0,1.0,
