strategy,Annualized Return,Annualized Vol,Sharpe,Cumulative Return,Avg Turnover,Avg Trades/Day,Trade Rate,Avg Predicted P(Win)
ensemble_brier Threshold,-0.006377369165654678,0.02848919958726716,-0.22385217057852874,-0.005888249558423486,0.2605191798941799,1.2375,0.39166666666666666,0.5015850753798353
ensemble_brier Threshold Top-1,-0.014079673487115585,0.04098086548238301,-0.3435670116134615,-0.013003695521826897,0.29791666666666666,0.39166666666666666,0.39166666666666666,0.5025750847519271
ensemble_brier Threshold Top-3,0.011063957435569982,0.03013523511980931,0.3671435577516739,0.010208554990798646,0.2569444444444445,0.8833333333333333,0.39166666666666666,0.5018938154970017
ensemble_brier Top-1,0.027850716676295795,0.09574685633934818,0.29087865378667527,0.02568108694946436,0.75625,1.0,1.0,0.4954236782505665
ensemble_brier Top-3,0.03800987385436483,0.071735987363475,0.5298578196432253,0.035035430858714856,0.56875,3.0,1.0,0.49386488903946313
ensemble_brier Top-Decile,0.03800987385436483,0.071735987363475,0.5298578196432253,0.035035430858714856,0.56875,3.0,1.0,0.49386488903946313
Equal-weight,0.03159229956597853,0.037025743438373,0.8532522680756407,0.02912708350866411,0.0020833333333333333,25.0,1.0,
