strategy,Annualized Return,Annualized Vol,Sharpe,Cumulative Return,Avg Turnover,Avg Trades/Day,Trade Rate,Avg Predicted P(Win)
ensemble_brier Threshold,-0.07166769012936314,0.04678423545735687,-1.5318769117149977,-0.01701485743620046,0.561521164021164,3.716666666666667,0.95,0.5018236608936433
ensemble_brier Threshold Top-1,-0.12460262869117622,0.06174194160283246,-2.018119700425164,-0.030243392744012998,0.725,0.95,0.95,0.5032157854050586
ensemble_brier Threshold Top-3,-0.017825163302300884,0.05024655201334129,-0.3547539599845181,-0.004142000853252115,0.5472222222222222,2.3833333333333333,0.95,0.5022985493696231
ensemble_brier Top-1,-0.1269890426351018,0.06182458911964141,-2.0540216189606335,-0.03085410556871493,0.7583333333333333,1.0,1.0,0.5030409116605484
ensemble_brier Top-3,0.027671232958304426,0.050937969160655794,0.5432339257780526,0.0063187961032571405,0.5027777777777778,3.0,1.0,0.5018194584800698
ensemble_brier Top-Decile,0.027671232958304426,0.050937969160655794,0.5432339257780526,0.0063187961032571405,0.5027777777777778,3.0,1.0,0.5018194584800698
Equal-weight,0.07069279651873694,0.028281720090823404,2.49959324580384,0.015887792745928442,0.008333333333333333,25.0,1.0,
