strategy,Annualized Return,Annualized Vol,Sharpe,Cumulative Return
Top-1,0.14805049088796274,0.07901982494125787,1.8735866726865216,0.14805049088796274
Top-3,0.17419212602946632,0.06302006883456791,2.764073877588627,0.17419212602946632
Top-5,0.1276574091725977,0.05642294414350731,2.262508827045805,0.1276574091725977
Equal-weight,0.031565073607400906,0.03716082082892696,0.8494180941996261,0.031565073607400906
