strategy,Annualized Return,Annualized Vol,Sharpe,Cumulative Return
Top-1,0.1509984918312388,0.0937364420835571,1.6108835419274614,0.2894495769857752
Top-3,0.09310737187032347,0.07194032897264861,1.294230554682652,0.17460132943409534
Top-5,0.039160296331297584,0.06367929348659875,0.6149612250258215,0.07190650979137359
Equal-weight,-0.0008001925080247663,0.03882450103444613,-0.02061050333434586,-0.001446034373626004
