strategy,Annualized Return,Annualized Vol,Sharpe,Cumulative Return
Top-1,0.03202473360717506,0.09462148398795017,0.33845097600935253,0.05607415361056134
Top-3,0.06302039695871908,0.07021282596065942,0.897562462363069,0.11157144236762906
Top-5,0.03341940554853062,0.063169267017563,0.5290453273621016,0.058545478845990484
Equal-weight,0.00240686822436853,0.03900880132570119,0.06170064556130696,0.004169396156438632
