strategy,Annualized Return,Annualized Vol,Sharpe,Cumulative Return,Avg Turnover,Avg Trades/Day,Trade Rate,Avg Predicted P(Win)
rf_returns_momentum Threshold,0.0038320828141054086,0.032225909104976504,0.11891310192746858,0.003536786572854167,0.4032134011821512,4.0125,0.6416666666666667,0.5056202769777878
rf_returns_momentum Threshold Top-1,-0.005475361724081695,0.05759362578786733,-0.09506888391171814,-0.005055246514989342,0.5104166666666666,0.6416666666666667,0.6416666666666667,0.5110155170949118
rf_returns_momentum Threshold Top-3,-0.0075829720265446765,0.03659958571578593,-0.2071873732514418,-0.0070017135372213435,0.4631944444444444,1.75,0.6416666666666667,0.508202353917115
rf_returns_momentum Top-1,0.05003760004507285,0.0877282861126397,0.5703701994226413,0.046101219380072944,0.8270833333333333,1.0,1.0,0.5024565769021977
rf_returns_momentum Top-3,0.0190245585989246,0.06582368012290052,0.2890230166925265,0.017548368190758667,0.7118055555555556,3.0,1.0,0.49945084733625555
rf_returns_momentum Top-Decile,0.0190245585989246,0.06582368012290052,0.2890230166925265,0.017548368190758667,0.7118055555555556,3.0,1.0,0.49945084733625555
Equal-weight,0.03159229956597853,0.037025743438373,0.8532522680756407,0.02912708350866411,0.0020833333333333333,25.0,1.0,
