strategy,Annualized Return,Annualized Vol,Sharpe,Cumulative Return,Avg Turnover,Avg Trades/Day,Trade Rate,Avg Predicted P(Win)
rf_returns_momentum Threshold,-0.013134464460307638,0.028423204667162836,-0.4621035739675691,-0.009111571071162783,0.3565663580246914,2.6,0.5222222222222223,0.5062511279486966
rf_returns_momentum Threshold Top-1,-0.001436591212707894,0.04224566844398402,-0.03400564520863845,-0.0009947830974333938,0.41388888888888886,0.5222222222222223,0.5222222222222223,0.5114157332680699
rf_returns_momentum Threshold Top-3,-0.01660305597853695,0.0316196161897465,-0.5250872078555125,-0.011523998308662908,0.36944444444444446,1.3333333333333333,0.5222222222222223,0.5083685725679794
rf_returns_momentum Top-1,0.07356427985131653,0.08727143595454585,0.8429365123501747,0.050370457161844184,0.8361111111111111,1.0,1.0,0.4998125986172757
rf_returns_momentum Top-3,0.018707363774681296,0.07065479694886173,0.26477131889886035,0.012914278129973145,0.7009259259259258,3.0,1.0,0.4966204815491983
rf_returns_momentum Top-Decile,0.018707363774681296,0.07065479694886173,0.26477131889886035,0.012914278129973145,0.7009259259259258,3.0,1.0,0.4966204815491983
Equal-weight,0.0186947458209048,0.039484432341488754,0.473471307861784,0.012905592283186662,0.002777777777777778,25.0,1.0,
