,pred_lgbm_shallow,pred_lgbm_base,pred_lgbm_deep,pred_rf,pred_logreg,pred_ensemble
pred_lgbm_shallow,1.0,0.8951646777564689,0.8697504348930023,0.8925380784813135,0.6854912428109443,0.9372680596584425
pred_lgbm_base,0.8951646777564689,1.0,0.9528414272887712,0.8847782252201952,0.7273095801629886,0.9624952298069915
pred_lgbm_deep,0.8697504348930023,0.9528414272887712,1.0,0.8742237206246399,0.7204759780573828,0.9531941687056007
pred_rf,0.8925380784813135,0.8847782252201952,0.8742237206246399,1.0,0.7398283085315739,0.9460307284653635
pred_logreg,0.6854912428109443,0.7273095801629886,0.7204759780573828,0.7398283085315739,1.0,0.8361341555280756
pred_ensemble,0.9372680596584425,0.9624952298069915,0.9531941687056007,0.9460307284653635,0.8361341555280756,1.0
