strategy,Annualized Return,Annualized Vol,Sharpe,Cumulative Return,Avg Turnover,Avg Trades/Day,Trade Rate,Avg Predicted P(Win)
P(Win) Threshold,0.008913372130336494,0.033423934851217155,0.2666763255138378,0.014091796451161986,0.09702144655959878,1.524390243902439,0.17073170731707318,0.5655495077027547
P(Win) Threshold Top-1,0.009797177901674559,0.04250588021724247,0.2304899428409047,0.015492997482860149,0.1073170731707317,0.17073170731707318,0.17073170731707318,0.5794553173755469
P(Win) Threshold Top-3,0.025328209871035012,0.0357787812398076,0.7079114769525675,0.040231420448888944,0.09837398373983738,0.4585365853658537,0.17073170731707318,0.5747976970287036
P(Win) Threshold Top-5,0.017262968459744288,0.03461076076527068,0.4987746029860861,0.027357604647367806,0.09829268292682926,0.6951219512195121,0.17073170731707318,0.5719906080902415
Equal-weight,0.004508683090062249,0.04187728653686264,0.10766416506221012,0.007119087476943564,0.0012195121951219512,24.0,1.0,
