strategy,Annualized Return,Annualized Vol,Sharpe,Cumulative Return
Top-1,0.10863247917489804,0.07878732123850458,1.3788066083126034,0.11303852787080837
Top-3,0.06519969515588131,0.0667091640040385,0.9773723914743437,0.0677905505326164
Top-5,0.07760165339502367,0.054563213563813474,1.422233925138335,0.08070371218928551
Equal-weight,0.02633845990385053,0.036749783479696194,0.7166970090695148,0.027365215894227024
