strategy,Annualized Return,Annualized Vol,Sharpe,Cumulative Return,Avg Turnover,Avg Trades/Day,Trade Rate,Avg Predicted P(Win)
rf Threshold,0.008772166956071858,0.0340352889849607,0.25773740190506533,0.007079256290562164,0.4047473688489832,3.7904761904761903,0.6095238095238096,0.5043911318056512
rf Threshold Top-1,0.04733407075859075,0.043013707808265654,1.1004415376043188,0.03806055138761355,0.44285714285714284,0.6095238095238096,0.6095238095238096,0.5080332655984383
rf Threshold Top-3,0.010422472263350357,0.03616655382670169,0.2881798557112032,0.00840974908092984,0.4166666666666667,1.4666666666666666,0.6095238095238096,0.5060530397541301
rf Top-1,0.057493690303141554,0.07182353096405995,0.8004854332754963,0.046186183031332595,0.7261904761904762,1.0,1.0,0.5019433563182941
rf Top-3,0.016571173546687357,0.04462314428015646,0.37135826741945704,0.013363222118534246,0.5880952380952381,3.0,1.0,0.4988474147871977
rf Top-Decile,0.016571173546687357,0.04462314428015646,0.37135826741945704,0.013363222118534246,0.5880952380952381,3.0,1.0,0.4988474147871977
Equal-weight,0.02999817636735158,0.03721287310605424,0.8061236304398951,0.024160228130847505,0.002380952380952381,25.0,1.0,
