strategy,Annualized Return,Annualized Vol,Sharpe,Cumulative Return
Top-1,0.14141001240172946,0.08036615216342226,1.7595717674049676,0.20097683569101887
Top-3,0.05747538916488515,0.06129829364226088,0.9376344062742376,0.08045078032666075
Top-5,0.051592701051300205,0.05666721833074233,0.9104505668546437,0.07213746398433352
Equal-weight,0.015816304380917634,0.037140590384255844,0.42584956828317616,0.021965893085378996
