strategy,Annualized Return,Annualized Vol,Sharpe,Cumulative Return,Avg Turnover,Avg Trades/Day,Trade Rate,Avg Predicted P(Win)
logreg_volatility Threshold,-0.08623207670100164,0.049362020162087426,-1.7469316777928856,-0.020595415097385827,0.25760926610780227,13.933333333333334,1.0,0.5077789412301265
logreg_volatility Threshold Top-1,-0.07719790125402148,0.08824197632324632,-0.8748432942076412,-0.018369299789146698,0.6083333333333333,1.0,1.0,0.5202753305925316
logreg_volatility Threshold Top-3,-0.11969368015560677,0.07149057002791513,-1.6742582988059773,-0.02899114780534995,0.4638888888888888,3.0,1.0,0.5158080153397681
logreg_volatility Top-1,-0.07719790125402148,0.08824197632324632,-0.8748432942076412,-0.018369299789146698,0.6083333333333333,1.0,1.0,0.5202753305925316
logreg_volatility Top-3,-0.11969368015560677,0.07149057002791513,-1.6742582988059773,-0.02899114780534995,0.4638888888888888,3.0,1.0,0.5158080153397681
logreg_volatility Top-Decile,-0.11969368015560677,0.07149057002791513,-1.6742582988059773,-0.02899114780534995,0.4638888888888888,3.0,1.0,0.5158080153397681
Equal-weight,0.013631998685172952,0.03505721458979544,0.3888500225896725,0.003129483302405145,0.008333333333333333,25.0,1.0,
