strategy,Annualized Return,Annualized Vol,Sharpe,Cumulative Return,Avg Turnover,Avg Trades/Day,Trade Rate,Avg Predicted P(Win)
logreg_volatility Threshold,0.02265347698280684,0.04029828496441491,0.5621449399846872,0.023534939381322673,0.20428273894908033,4.637037037037037,0.6185185185185185,0.5063442301680723
logreg_volatility Threshold Top-1,0.027538549418524294,0.06171948422017626,0.44618891046276554,0.028612737492839768,0.3277777777777778,0.6185185185185185,0.6185185185185185,0.5142113891071804
logreg_volatility Threshold Top-3,0.03699739027856919,0.049195018334787656,0.7520556253641425,0.03844738407367898,0.2537037037037037,1.6407407407407408,0.6185185185185185,0.5103097549369041
logreg_volatility Top-1,0.09808259175850331,0.08637252626679921,1.1355762763674697,0.10204135344712828,0.5537037037037037,1.0,1.0,0.5041437387505993
logreg_volatility Top-3,0.052557125418709605,0.06703407944010835,0.7840359091626941,0.05463281061481484,0.39444444444444443,3.0,1.0,0.5007042314623317
logreg_volatility Top-Decile,0.052557125418709605,0.06703407944010835,0.7840359091626941,0.05463281061481484,0.39444444444444443,3.0,1.0,0.5007042314623317
Equal-weight,0.026461976326650483,0.036750288652626036,0.7200481219828354,0.027493611565050147,0.001851851851851852,25.0,1.0,
