strategy,Annualized Return,Annualized Vol,Sharpe,Cumulative Return,Avg Turnover,Avg Trades/Day,Trade Rate,Avg Predicted P(Win)
lgbm_deep_corr_regime Threshold,0.052628956276395744,0.027063059503555403,1.944678733366478,0.011906665776564518,0.5163033659915811,9.5,0.9,0.5055272606116772
lgbm_deep_corr_regime Threshold Top-1,-0.007732280875571207,0.05234772925661705,-0.14770995772646248,-0.00178970348075691,0.5583333333333333,0.9,0.9,0.5124363824471705
lgbm_deep_corr_regime Threshold Top-3,0.0847346660494086,0.03035143885708765,2.7917841539041706,0.018946968220295846,0.5527777777777777,2.5166666666666666,0.9,0.5100230557033154
lgbm_deep_corr_regime Top-1,-0.006978044079459789,0.05258971574668273,-0.13268837795343952,-0.0016146576091904397,0.6416666666666667,1.0,1.0,0.5104503025876856
lgbm_deep_corr_regime Top-3,0.0857959973022755,0.02994788218641857,2.8648435561558396,0.019176950062428366,0.6027777777777776,3.0,1.0,0.5076156354989373
lgbm_deep_corr_regime Top-Decile,0.0857959973022755,0.02994788218641857,2.8648435561558396,0.019176950062428366,0.6027777777777776,3.0,1.0,0.5076156354989373
Equal-weight,0.07069279651873694,0.028281720090823404,2.49959324580384,0.015887792745928442,0.008333333333333333,25.0,1.0,
