strategy,Annualized Return,Annualized Vol,Sharpe,Cumulative Return
Top-1,0.0014506656408053153,0.09950996269063289,0.014578094510147676,0.0017857333778235063
Top-3,0.0421858288090442,0.07496363780613223,0.5627505553845105,0.05217106669592031
Top-5,0.026079917665259966,0.06720968878136058,0.3880380662094774,0.03219431269687134
Equal-weight,-0.0158706354345588,0.04079232826555783,-0.3890593184885416,-0.01949717364986525
