strategy,Annualized Return,Annualized Vol,Sharpe,Cumulative Return,Avg Turnover,Avg Trades/Day,Trade Rate,Avg Predicted P(Win)
ensemble Threshold,0.005773794750166816,0.027269756662654843,0.21172886951623826,0.003993700770861031,0.35022334918168246,1.9944444444444445,0.49444444444444446,0.5073646428588915
ensemble Threshold Top-1,0.01938368558889003,0.041710096928121006,0.46472406003500616,0.013379790742738651,0.36666666666666664,0.49444444444444446,0.49444444444444446,0.5127417567279328
ensemble Threshold Top-3,0.008933867626483627,0.030071072190325253,0.2970917554897798,0.006176517316447638,0.3388888888888889,1.1666666666666667,0.49444444444444446,0.5093699623605292
ensemble Top-1,-0.009915463713171313,0.07734828169229473,-0.12819242388107338,-0.006875068892914338,0.6805555555555556,1.0,1.0,0.5022266303285023
ensemble Top-3,0.02893125478098546,0.058418036545573794,0.49524524430764216,0.01994128629960512,0.5824074074074074,3.0,1.0,0.49902083684415444
ensemble Top-Decile,0.02893125478098546,0.058418036545573794,0.49524524430764216,0.01994128629960512,0.5824074074074074,3.0,1.0,0.49902083684415444
Equal-weight,0.0186947458209048,0.039484432341488754,0.473471307861784,0.012905592283186662,0.002777777777777778,25.0,1.0,
