strategy,Annualized Return,Annualized Vol,Sharpe,Cumulative Return,Avg Turnover,Avg Trades/Day,Trade Rate,Avg Predicted P(Win)
logreg_corr_regime Threshold,-0.028886896484308644,0.028310593727092645,-1.0203564348657403,-0.02998111008386173,0.15093474759324435,2.1814814814814816,0.43333333333333335,0.5116802543265044
logreg_corr_regime Threshold Top-1,-0.011150633679272048,0.029658550506753638,-0.3759669130402345,-0.011577012228280337,0.012962962962962963,0.43333333333333335,0.43333333333333335,0.529055195073826
logreg_corr_regime Threshold Top-3,-0.03991804242968866,0.02997285050734608,-1.3318066768426013,-0.04142111459521114,0.12469135802469135,0.9481481481481482,0.43333333333333335,0.5172451886129699
logreg_corr_regime Top-1,-0.00853911190159029,0.05900739952608933,-0.1447125609698295,-0.008866079108908909,0.14629629629629629,1.0,1.0,0.5029797247130292
logreg_corr_regime Top-3,-0.03457280923377282,0.048206706289987,-0.7171784155051042,-0.03587839336136023,0.2623456790123457,3.0,1.0,0.4957623958328134
logreg_corr_regime Top-Decile,-0.03457280923377282,0.048206706289987,-0.7171784155051042,-0.03587839336136023,0.2623456790123457,3.0,1.0,0.4957623958328134
Equal-weight,0.026461976326650483,0.036750288652626036,0.7200481219828354,0.027493611565050147,0.001851851851851852,25.0,1.0,
