strategy,Annualized Return,Annualized Vol,Sharpe,Cumulative Return,Avg Turnover,Avg Trades/Day,Trade Rate,Avg Predicted P(Win)
logreg Threshold,0.06834695635330279,0.041032473997638944,1.6656796360179391,0.0548500253179216,0.27736841201126916,1.7809523809523808,0.6142857142857143,0.5042684670534385
logreg Threshold Top-1,0.004671508086949272,0.0442904076849773,0.10547448829498546,0.0037714494531544407,0.2261904761904762,0.6142857142857143,0.6142857142857143,0.5082569047873602
logreg Threshold Top-3,0.05671813005783832,0.041034769340743044,1.3821968776493991,0.04556642335653538,0.2650793650793651,1.2142857142857142,0.6142857142857143,0.5054084989110419
logreg Top-1,-0.04594093249446385,0.0666759475050118,-0.6890180674374463,-0.037273120788926195,0.42142857142857143,1.0,1.0,0.5028351106778819
logreg Top-3,-0.021671766847770946,0.05316326155316944,-0.4076455472186683,-0.017540912829041244,0.34682539682539687,3.0,1.0,0.49852855447355127
logreg Top-Decile,-0.021671766847770946,0.05316326155316944,-0.4076455472186683,-0.017540912829041244,0.34682539682539687,3.0,1.0,0.49852855447355127
Equal-weight,0.02999817636735158,0.03721287310605424,0.8061236304398951,0.024160228130847505,0.002380952380952381,25.0,1.0,
