strategy,Annualized Return,Annualized Vol,Sharpe,Cumulative Return,Avg Turnover,Avg Trades/Day,Trade Rate,Avg Predicted P(Win)
logreg Threshold,0.038587372740472636,0.0417282998712653,0.9247290893594361,0.040100877156020065,0.3014540137325094,4.088888888888889,0.7,0.5053757359185665
logreg Threshold Top-1,0.028059896552547148,0.04741417964236653,0.5918039026341072,0.029154707704990956,0.19074074074074074,0.7,0.7,0.5129306680236687
logreg Threshold Top-3,0.03937627458070758,0.043014765918060256,0.915412969018971,0.04092132721813124,0.3,1.6037037037037036,0.7,0.508631448335701
logreg Top-1,-0.012451979553310677,0.0647210652001287,-0.19239453978093543,-0.01292779296125035,0.3425925925925926,1.0,1.0,0.5073115880787373
logreg Top-3,-0.016654748114105056,0.05204370103717461,-0.32001467578581,-0.017289746129500294,0.36111111111111105,3.0,1.0,0.5022800378046489
logreg Top-Decile,-0.016654748114105056,0.05204370103717461,-0.32001467578581,-0.017289746129500294,0.36111111111111105,3.0,1.0,0.5022800378046489
Equal-weight,0.026461976326650483,0.036750288652626036,0.7200481219828354,0.027493611565050147,0.001851851851851852,25.0,1.0,
