strategy,Annualized Return,Annualized Vol,Sharpe,Cumulative Return
Top-1,0.09094544410346184,0.09450572133599137,0.9623273894723064,0.1318701946002656
Top-3,0.0907663039162907,0.06752158450255162,1.3442561306134733,0.13160571029589918
Top-5,0.06978535553093046,0.05800047320331961,1.2031859686092414,0.10075681859971475
Equal-weight,0.012478841385891837,0.0368362634727823,0.33876512461998876,0.01780511695162934
