strategy,Annualized Return,Annualized Vol,Sharpe,Cumulative Return,Avg Turnover,Avg Trades/Day,Trade Rate,Avg Predicted P(Win)
logreg_corr_regime Threshold,-0.013647840915512965,0.01838997280751989,-0.7421349154976561,-0.011037800915537188,0.06407407407407406,0.5714285714285714,0.2714285714285714,0.5082639804016125
logreg_corr_regime Threshold Top-1,-0.027578128439421423,0.019259402197820245,-1.4319306568374528,-0.022334366193434763,0.016666666666666666,0.2714285714285714,0.2714285714285714,0.5139949793401076
logreg_corr_regime Threshold Top-3,-0.009418839346048036,0.018363627153081596,-0.5129073503579309,-0.007614439824588759,0.05238095238095238,0.4666666666666667,0.2714285714285714,0.5092509574231362
logreg_corr_regime Top-1,-0.0242749927265703,0.060969721013084524,-0.39814833204437194,-0.01965293710978666,0.1880952380952381,1.0,1.0,0.4914418174822209
logreg_corr_regime Top-3,-0.01899385082410998,0.04832257886328929,-0.39306368308376083,-0.015369419035208387,0.23888888888888887,3.0,1.0,0.4884162180280116
logreg_corr_regime Top-Decile,-0.01899385082410998,0.04832257886328929,-0.39306368308376083,-0.015369419035208387,0.23888888888888887,3.0,1.0,0.4884162180280116
Equal-weight,0.02999817636735158,0.03721287310605424,0.8061236304398951,0.024160228130847505,0.002380952380952381,25.0,1.0,
