strategy,Annualized Return,Annualized Vol,Sharpe,Cumulative Return,Avg Turnover,Avg Trades/Day,Trade Rate,Avg Predicted P(Win)
logreg_corr_regime Threshold,-0.08039321790625464,0.04907937200107555,-1.6380245840246868,-0.01915473532341494,0.4549471049103401,7.816666666666666,1.0,0.514925714555152
logreg_corr_regime Threshold Top-1,0.04799590909342144,0.05137579579926398,0.9342124700306644,0.010877118595850721,0.008333333333333333,1.0,1.0,0.5433624000208587
logreg_corr_regime Threshold Top-3,-0.13961263754445574,0.05294095766952999,-2.637138497115049,-0.03410617443600328,0.3805555555555555,2.6333333333333333,1.0,0.5248397082433116
logreg_corr_regime Top-1,0.04799590909342144,0.05137579579926398,0.9342124700306644,0.010877118595850721,0.008333333333333333,1.0,1.0,0.5433624000208587
logreg_corr_regime Top-3,-0.08734089716302751,0.04762570534716487,-1.8339024383231914,-0.020869805014173792,0.34722222222222215,3.0,1.0,0.5214740181496196
logreg_corr_regime Top-Decile,-0.08734089716302751,0.04762570534716487,-1.8339024383231914,-0.020869805014173792,0.34722222222222215,3.0,1.0,0.5214740181496196
Equal-weight,0.013631998685172952,0.03505721458979544,0.3888500225896725,0.003129483302405145,0.008333333333333333,25.0,1.0,
