strategy,Annualized Return,Annualized Vol,Sharpe,Cumulative Return,Avg Turnover,Avg Trades/Day,Trade Rate,Avg Predicted P(Win)
ensemble_brier Threshold,0.00936360819717219,0.022124898927460734,0.4232158631717125,0.0075561302772158,0.21654195011337868,0.7666666666666667,0.3047619047619048,0.5013728380568123
ensemble_brier Threshold Top-1,0.0007828587532827669,0.03146431418785061,0.024880845919885135,0.0006322614108551505,0.21666666666666667,0.3047619047619048,0.3047619047619048,0.5020187788699109
ensemble_brier Threshold Top-3,0.014861494274055698,0.022348049458837758,0.665001851791525,0.011986462201607262,0.21269841269841272,0.6095238095238096,0.3047619047619048,0.5015472098865679
ensemble_brier Top-1,0.04957170107541198,0.0976760379020841,0.5075113829361652,0.039851497785706735,0.7404761904761905,1.0,1.0,0.49423250791013856
ensemble_brier Top-3,0.0426500569304753,0.07314591434338306,0.583081875636346,0.03430919242488728,0.5785714285714286,3.0,1.0,0.4926383605930297
ensemble_brier Top-Decile,0.0426500569304753,0.07314591434338306,0.583081875636346,0.03430919242488728,0.5785714285714286,3.0,1.0,0.4926383605930297
Equal-weight,0.02999817636735158,0.03721287310605424,0.8061236304398951,0.024160228130847505,0.002380952380952381,25.0,1.0,
