strategy,Annualized Return,Annualized Vol,Sharpe,Cumulative Return
Top-1,0.1517413257074547,0.10763258952317996,1.4098083710489506,0.1770479984441311
Top-3,0.07227078102488727,0.06899105578515763,1.047538412079718,0.08384380148882986
Top-5,0.0416682655113505,0.06607289794941755,0.630640804392292,0.048231095324905215
Equal-weight,-0.012130178349530452,0.041188362967878436,-0.2945049881926702,-0.013983254827813929
