strategy,Annualized Return,Annualized Vol,Sharpe,Cumulative Return
Top-1,0.18983178857165295,0.08550550910823793,2.220111786380368,0.2720918739968783
Top-3,0.09061534839169538,0.06358719733464495,1.4250564923440079,0.12761458415002003
Top-5,0.07307333126193005,0.05221793726589769,1.399391379437972,0.10257956912575539
Equal-weight,0.015816304380917634,0.037140590384255844,0.42584956828317616,0.021965893085378996
