strategy,Annualized Return,Annualized Vol,Sharpe,Cumulative Return
Top-1,0.13184772505667297,0.07751055747775581,1.7010292448807502,0.13725216323002898
Top-3,0.13701010514245238,0.062245047503348326,2.201140663200269,0.14263916598768644
Top-5,0.12188042238601926,0.057878946193004877,2.105781642595792,0.1268538458439421
Equal-weight,0.02633845990385053,0.036749783479696194,0.7166970090695148,0.027365215894227024
