strategy,Annualized Return,Annualized Vol,Sharpe,Cumulative Return,Avg Turnover,Avg Trades/Day,Trade Rate,Avg Predicted P(Win)
lgbm_deep_corr_regime Threshold,0.07273981136405006,0.06467011141998774,1.1247825273046954,0.05835189319740497,0.4384303544352243,5.004761904761905,0.7,0.5070757457822411
lgbm_deep_corr_regime Threshold Top-1,0.07610176746954322,0.06880765676985708,1.106007253292798,0.06103009284622596,0.45,0.7,0.7,0.5144240060811327
lgbm_deep_corr_regime Threshold Top-3,0.0888706017735581,0.06677281948396463,1.3309397814914827,0.07118738841796857,0.4626984126984127,1.7476190476190476,0.7,0.5109221508794138
lgbm_deep_corr_regime Top-1,0.056430641441975515,0.08078309086428433,0.6985452133390024,0.045336665468677984,0.6880952380952381,1.0,1.0,0.5084486363305365
lgbm_deep_corr_regime Top-3,0.06963944995460869,0.06434240810180096,1.0823258253627512,0.05588065406024367,0.5753968253968255,3.0,1.0,0.5045323268274936
lgbm_deep_corr_regime Top-Decile,0.06963944995460869,0.06434240810180096,1.0823258253627512,0.05588065406024367,0.5753968253968255,3.0,1.0,0.5045323268274936
Equal-weight,0.02999817636735158,0.03721287310605424,0.8061236304398951,0.024160228130847505,0.002380952380952381,25.0,1.0,
