strategy,Annualized Return,Annualized Vol,Sharpe,Cumulative Return,Avg Turnover,Avg Trades/Day,Trade Rate,Avg Predicted P(Win)
rf_returns_momentum Threshold,0.0036331224748582525,0.03330781440975193,0.10907718021253712,0.003773121249311062,0.395257569578175,5.485185185185185,0.6814814814814815,0.5057605766092351
rf_returns_momentum Threshold Top-1,0.011589975915513584,0.06248028111497911,0.18549813971203447,0.012038416887790504,0.5277777777777778,0.6814814814814815,0.6814814814814815,0.5118753821597856
rf_returns_momentum Threshold Top-3,0.017707400168604392,0.04131997980127766,0.42854329198042973,0.01839468055204696,0.48580246913580244,1.8888888888888888,0.6814814814814815,0.5091322215767683
rf_returns_momentum Top-1,0.06162903394742525,0.08826640106170165,0.6982162318405183,0.06407377721977903,0.8092592592592592,1.0,1.0,0.5039935523752281
rf_returns_momentum Top-3,0.041925482814510806,0.06605632145501852,0.6346929694391207,0.04357264206490408,0.70679012345679,3.0,1.0,0.5010569245466332
rf_returns_momentum Top-Decile,0.041925482814510806,0.06605632145501852,0.6346929694391207,0.04357264206490408,0.70679012345679,3.0,1.0,0.5010569245466332
Equal-weight,0.026461976326650483,0.036750288652626036,0.7200481219828354,0.027493611565050147,0.001851851851851852,25.0,1.0,
