strategy,Annualized Return,Annualized Vol,Sharpe,Cumulative Return
Top-1,0.15448578216004583,0.08130714342793331,1.9000271765416834,0.1608821940936851
Top-3,0.1026794011601504,0.06654761193863917,1.542946443440027,0.10683255799406477
Top-5,0.09921836567426334,0.056322065540019346,1.7616251237051002,0.1032250866434572
Equal-weight,0.02633845990385053,0.036749783479696194,0.7166970090695148,0.027365215894227024
