strategy,Annualized Return,Annualized Vol,Sharpe,Cumulative Return,Avg Turnover,Avg Trades/Day,Trade Rate,Avg Predicted P(Win)
logreg_corr_regime Threshold,-0.13470824957119099,0.04690118837145939,-2.8721713510603606,-0.03283838217567547,0.46640822140822136,3.283333333333333,1.0,0.5145319761758962
logreg_corr_regime Threshold Top-1,-0.1396262336373738,0.051335215209189836,-2.719891853348624,-0.03410969676593312,0.041666666666666664,1.0,1.0,0.5266737750951787
logreg_corr_regime Threshold Top-3,-0.14656424098226062,0.0489685516087465,-2.9930278958073595,-0.03591273365888681,0.4000000000000001,2.3333333333333335,1.0,0.5164348370286495
logreg_corr_regime Top-1,-0.1396262336373738,0.051335215209189836,-2.719891853348624,-0.03410969676593312,0.041666666666666664,1.0,1.0,0.5266737750951787
logreg_corr_regime Top-3,-0.06577048490645332,0.03787924622292783,-1.7363197915655268,-0.015577352955661317,0.34722222222222227,3.0,1.0,0.5107696530535953
logreg_corr_regime Top-Decile,-0.06577048490645332,0.03787924622292783,-1.7363197915655268,-0.015577352955661317,0.34722222222222227,3.0,1.0,0.5107696530535953
Equal-weight,0.07069279651873694,0.028281720090823404,2.49959324580384,0.015887792745928442,0.008333333333333333,25.0,1.0,
