strategy,Annualized Return,Annualized Vol,Sharpe,Cumulative Return
Top-1,0.01773204391220351,0.10664084722182049,0.16627816051873262,0.030888602839014734
Top-3,0.0032973899103436732,0.07735491530435103,0.042626766474634134,0.005713894873691672
Top-5,0.057658110191561196,0.06769898758521971,0.8516834925925735,0.10188457360379011
Equal-weight,0.00240686822436853,0.03900880132570119,0.06170064556130696,0.004169396156438632
