strategy,Annualized Return,Annualized Vol,Sharpe,Cumulative Return
Top-1,0.17333834298012607,0.08716477193303296,1.9886284233416986,0.24774120699732327
Top-3,0.06778093041707,0.05708741673764746,1.1873182268619014,0.09505728216852005
Top-5,0.07341220256414105,0.05081484707180919,1.4446998622351126,0.10306170656351044
Equal-weight,0.015816304380917634,0.037140590384255844,0.42584956828317616,0.021965893085378996
