strategy,Annualized Return,Annualized Vol,Sharpe,Cumulative Return
Top-1,0.3371978781638947,0.08758943403004758,3.849755189058749,0.3076403671566814
Top-3,0.17408368345236203,0.06074724437578464,2.8657050248316467,0.15967845039841855
Top-5,0.1947610476846502,0.05558852240797625,3.503619798620595,0.1785183756220765
Equal-weight,0.07551824381377625,0.034091891104145504,2.2151380098886153,0.06951195774767527
