strategy,Annualized Return,Annualized Vol,Sharpe,Cumulative Return
Top-1,0.1322186465582973,0.09283902938309106,1.4241709272154295,0.25166870516814366
Top-3,0.030822731063413045,0.07262533482696781,0.4244074211409722,0.05641021378066968
Top-5,0.05102774301722346,0.06232237173788925,0.8187708778451518,0.09413720661366365
Equal-weight,-0.0008001925080247663,0.03882450103444613,-0.02061050333434586,-0.001446034373626004
